"id","seed","problem","solution","expected_primary","expected_alt","expected_secondary","note"
"G01","생두를 직접 수입해 로스팅한 원두를 소량 단위로 포장해 카페와 개인 고객에게 정기적으로 공급한다","신선한 스페셜티 원두를 원하는 날짜에 볶아 받기 어렵고 소량 정기구매 선택지가 부족하다는 불편이 크다","자체 로스팅 시설에서 주문을 받은 뒤 볶아 진공포장하고 구독 형태로 정기배송하며 도매로도 납품한다","154901","","","커피 원두 제조가공"
"G02","직접 볶은 원두로 매장에서 커피 음료를 만들어 손님에게 판매하는 카페를 운영한다","동네에 제대로 된 스페셜티 커피를 마실 곳이 없고 프랜차이즈 커피 맛에 만족하지 못하는 손님이 많다","좌석을 갖춘 매장에서 바리스타가 에스프레소 음료와 드립커피를 제조해 현장에서 판매하고 일부 원두도 소매한다","552303","","","매장 조리 판매 음식점"
"G03","매일 아침 매장에서 직접 반죽해 구운 빵과 케이크를 진열해 손님에게 판매하는 동네 빵집을 운영한다","공장에서 대량생산한 빵만 파는 곳이 많아 갓 구운 빵을 파는 동네 빵집 수요가 크다","매장 안 주방에서 제빵사가 매일 반죽부터 구움까지 직접 하고 완성된 빵과 케이크를 매장에서 판매한다","552301","154104","","매장 제조 제과점"
"G04","천연 재료로 수제 비누와 입욕제를 소량 생산해 자사 온라인몰에서 판매한다","시중 비누의 화학 성분이 걱정되는 민감성 피부 소비자가 늘고 있고 믿을 만한 소량 수제 브랜드가 부족하다","공방에서 직접 배합하고 굳혀 만든 비누와 입욕제를 포장해 자사몰과 마켓 입점으로 판매한다","242401","242402","","비누 세제 제조"
"G05","여러 국내외 브랜드의 의류를 사입해 자체 인터넷 쇼핑몰에서 소비자에게 판매한다","오프라인 편집숍은 접근성이 낮고 다양한 브랜드를 한 곳에서 비교해 사고 싶은 온라인 수요가 크다","도매처에서 옷을 매입해 재고를 보유하고 자사 쇼핑몰에 상품을 등록해 개별 소비자에게 택배로 판매한다","525101","","","전자상거래 소매"
"G06","중소 제조업체를 위한 재고 발주 관리 SaaS를 직접 개발해 월 구독료를 받고 제공한다","중소 제조사들이 엑셀로 재고를 관리하다 결품과 과잉재고를 반복하지만 기존 ERP는 비싸고 무겁다","자체 개발팀이 웹 기반 재고관리 소프트웨어를 만들어 클라우드로 배포하고 구독 방식으로 판매하고 운영한다","722000","721000","","응용 소프트웨어 개발"
"G07","초등 중등 학생을 대상으로 오프라인 교실에서 코딩과 컴퓨터 활용을 가르치는 학원을 운영한다","공교육에서 코딩 교육이 부족하고 자녀에게 체계적인 프로그래밍 기초를 시키고 싶은 학부모가 많다","강사가 정해진 커리큘럼으로 교실에서 대면 수업을 진행하고 월 수강료를 받는 사설 학원을 운영한다","809013","809002","","컴퓨터 학원"
"G08","주거와 상업 공간의 실내 인테리어를 설계하고 디자인 도면과 3D 시안을 제공한다","집이나 가게를 꾸미고 싶지만 어떤 콘셉트로 어떻게 배치할지 몰라 전문적인 공간 설계를 원하는 사람이 많다","고객 상담 후 공간 콘셉트와 도면 자재 색상 계획 3D 렌더링 시안을 만들어 디자인 용역으로 제공한다","749914","","","인테리어 디자인 용역"
"G09","미용사가 상주하는 매장에서 커트 펌 염색 등 헤어 미용 서비스를 제공한다","1인 가구가 많은 상권에 실력 있는 동네 미용실이 부족하고 예약제로 편하게 관리받고 싶은 수요가 있다","예약을 받아 미용사가 매장에서 커트와 펌 염색 시술을 하고 시술비를 받는 헤어살롱을 운영한다","930203","","","두발 미용업"
"G10","산지에서 채소를 대량으로 매입해 식당과 급식업체에 정기적으로 납품한다","소규모 식당이 매일 새벽 도매시장에 나가기 어렵고 안정적인 가격으로 채소를 공급받고 싶어한다","계약한 산지와 도매시장에서 채소를 대량 매입해 창고에 보관하고 거래처 주문에 맞춰 분류하고 배송해 도매로 판매한다","512212","512215","","채소 도매"
"G11","반려견과 반려묘를 위한 사료를 자체 배합해 제조하고 포장해 유통사에 공급한다","반려동물 건강에 대한 관심이 높아지며 원료가 투명한 국산 사료 수요가 커지는데 소규모 제조가 적다","자체 공장에서 원료를 배합하고 건조하고 성형해 사료를 만들고 완제품을 포장해 유통사와 온라인 판매처에 공급한다","153104","153300","","반려동물 사료 제조"
"G12","다양한 분야의 문서를 의뢰받아 한국어와 외국어 사이로 번역하고 통역 인력을 파견한다","기업의 해외 진출과 외국인 이용 증가로 정확한 전문 번역과 현장 통역 수요가 꾸준히 늘고 있다","전문 번역가 네트워크를 통해 문서를 번역해 납품하고 행사와 상담 현장에 통역사를 배정해 용역비를 받는다","749902","","","번역 통역 서비스"
"G13","고객의 옷과 이불을 수거해 세탁하고 건조하고 다림질한 뒤 다시 배달해 주는 세탁 서비스를 운영한다","맞벌이와 1인 가구가 늘며 세탁소에 직접 갈 시간이 없고 비대면으로 맡기고 받고 싶은 수요가 크다","앱이나 전화로 접수해 의류를 수거하고 자체 매장에서 세탁 처리한 뒤 고객에게 배달하며 건당 요금을 받는다","930100","","","가정용 세탁업"
"G14","스튜디오에서 가족사진 프로필 행사 사진과 영상을 촬영하고 보정해 결과물을 제공한다","스마트폰 사진으로는 담기 어려운 기념일과 프로필을 전문 장비와 조명으로 남기고 싶은 수요가 많다","예약을 받아 스튜디오나 현장에서 촬영하고 후보정한 사진과 영상 파일과 인화물을 납품하며 촬영비를 받는다","749400","930904","","사진 촬영업"
"G15","국산 배추와 고춧가루로 김치를 직접 담가 진공포장해 식당과 가정에 정기 배송한다","공장 김치는 맛이 균일하지 않고 첨가물이 걱정된다는 소비자와 손이 부족한 식당의 수요가 크다","자체 위생 시설에서 절임부터 양념 버무리기까지 직접 하고 포장한 김치를 정기구독과 도매로 공급한다","151301","","","김치류 제조"
"G16","자체 연구실에서 기초 화장품을 배합하고 충전해 브랜드 완제품으로 생산한다","작은 화장품 브랜드는 소량 생산과 성분 관리를 맡길 제조처를 구하기 어렵다","원료 배합과 유화 충전 라벨링까지 자체 설비로 진행해 스킨 로션 크림 완제품을 만들어 브랜드사에 납품한다","242403","","","화장품 제조"
"G17","은과 원석으로 반지와 목걸이를 하나하나 세공해 만들어 판매한다","공장에서 찍어낸 액세서리가 아니라 손으로 만든 주얼리를 원하는 소비자가 늘고 있다","공방에서 왁스 조각 주조 연마 세팅까지 직접 하여 완성한 귀금속 장신구를 자사몰과 편집숍에 공급한다","369101","369501","","귀금속 제품 제조"
"G18","아기 옷을 직접 패턴 제작하고 봉제해 완제품으로 만들어 유통한다","유아복은 원단 안전성과 마감이 중요한데 믿고 맡길 소규모 봉제 생산처가 부족하다","자체 봉제 공장에서 재단 봉제 검사 포장까지 진행해 유아용 의류 완제품을 브랜드와 편집숍에 납품한다","181208","181211","","유아용 의복 제조"
"G19","전통 방식으로 쌀을 발효시켜 막걸리를 빚어 병입해 판매한다","획일적인 대기업 막걸리와 달리 지역 쌀로 빚은 소규모 양조 막걸리 수요가 늘고 있다","자체 양조장에서 고두밥 누룩 발효 여과 병입까지 직접 하여 막걸리를 만들어 주류 도매상과 음식점에 공급한다","155201","155202","","탁주 약주 제조"
"G20","새벽 위판장에서 활어와 선어를 대량 매입해 횟집과 마트에 당일 납품한다","횟집이 매일 위판장에 나가기 어렵고 신선도와 가격이 들쭉날쭉하다는 불편이 크다","경매로 수산물을 대량 확보해 손질과 선별 후 냉장 차량으로 거래처에 배송하고 도매 마진으로 수익을 낸다","512231","512232;512234","","수산물 도매"
"G21","제약사에서 의약품을 매입해 지역 약국과 병원에 배송하고 재고를 관리해 준다","동네 약국은 소량 다품목 발주가 잦은데 큰 도매상은 대응이 느리다는 불편이 있다","제약사와 계약해 의약품을 창고에 보관하고 약국 주문을 받아 분류 배송하며 도매 마진으로 수익을 낸다","513311","513312","","의약품 도매"
"G22","시력을 검사하고 고객에게 맞는 안경테와 렌즈를 조제해 판매하는 안경원을 운영한다","온라인으로는 정확한 검안과 피팅이 어렵고 대면으로 맞춰 사고 싶은 수요가 꾸준하다","매장에서 검안 후 프레임과 렌즈를 골라 가공 조립해 판매하고 사후 조정 서비스를 제공한다","523541","","","안경 소매"
"G23","한우와 돼지고기를 부위별로 손질해 진열하고 소비자에게 소포장으로 판매하는 정육점을 운영한다","마트 포장육은 부위 선택과 손질 요청이 어렵고 단골 정육점을 찾는 소비자가 많다","도매상과 산지에서 지육을 받아 매장에서 발골 정형 소분해 진열하고 소비자에게 소매로 판매한다","522020","","","육류 소매"
"G24","반려동물 사료 간식 용품을 사입해 자사 온라인몰에서 소비자에게 판매한다","오프라인 매장은 품목이 제한적이고 무거운 사료를 집까지 배송받고 싶은 수요가 크다","여러 브랜드 제품을 매입해 재고로 보유하고 쇼핑몰에 등록해 개별 소비자에게 택배로 판매한다","525101","525102","","전자상거래 소매"
"G25","계절 꽃과 화분을 매입해 꽃다발과 화분 상품으로 구성해 매장과 주문 배송으로 판매한다","경조사와 기념일에 믿고 맡길 동네 꽃집이 부족하고 당일 배송 수요가 크다","도매 시장에서 절화와 분화를 매입해 매장에서 꽃다발 꽃바구니로 만들어 판매하고 주문 배송한다","523987","523988","","화초 식물 소매"
"G26","매장에서 닭을 튀겨 포장과 배달 위주로 판매하는 치킨 전문점을 운영한다","배달 앱 경쟁이 치열하지만 동네에서 맛으로 자리 잡은 치킨집 수요는 꾸준하다","주방에서 염지한 닭을 튀겨 소스와 함께 포장하고 배달 대행과 홀 판매로 매출을 낸다","552107","","","치킨 전문점"
"G27","즉석에서 김밥과 떡볶이 라면 등 분식을 조리해 매장과 포장으로 판매한다","혼밥과 간편식 수요가 늘며 저렴하고 빠르게 먹을 수 있는 분식집이 꾸준히 필요하다","주방에서 김밥을 말고 분식 메뉴를 조리해 매장 식사와 포장 판매로 회전율을 높여 수익을 낸다","552108","552119","","간이 음식점"
"G28","생맥주와 간단한 안주를 파는 호프집을 저녁 시간대에 운영한다","퇴근 후 부담 없이 맥주 한잔 하기 좋은 동네 호프집 수요가 꾸준히 있다","매장에서 생맥주를 따르고 튀김과 마른안주를 조리해 판매하며 저녁부터 심야까지 영업한다","552205","","","생맥주 전문점"
"G29","돌잔치와 기업 행사장에 요리와 인력을 보내 뷔페식으로 음식을 제공한다","행사 규모에 맞춰 음식을 준비하고 세팅까지 맡기고 싶은 수요가 많다","주방에서 대량 조리한 음식을 행사장으로 운반해 뷔페로 세팅하고 서빙 인력까지 제공하며 건별로 수익을 낸다","552105","","","출장 음식 서비스"
"G30","아파트와 상가의 벽지와 바닥재를 시공하는 도배 장판 공사를 한다","이사 철에 도배와 장판을 빠르고 깔끔하게 해줄 시공팀 수요가 꾸준히 있다","현장 실측 후 벽지와 장판을 준비해 기존 마감을 철거하고 새로 시공하며 공사비를 받는다","452105","452106;452107","","도배 장판 시공"
"G31","주택과 상가의 전등 콘센트 배선 등 실내 전기 공사를 시공한다","노후 배선 교체와 인테리어에 맞춘 전기 공사를 안전하게 맡길 업체 수요가 꾸준하다","현장 점검 후 배선 도면을 잡고 배관 배선 기구 설치와 검사를 진행하며 공사비를 받는다","452125","452126","","전기 공사업(452126 내부 전기배선 공사업도 허용)"
"G32","단독주택 마당과 상가 외부에 나무와 잔디를 심고 정원을 조성한다","조경을 제대로 설계하고 식재해 관리까지 맡길 수 있는 업체 수요가 늘고 있다","현장 조사 후 식재 계획을 세워 수목과 잔디를 심고 포장과 시설물을 설치하며 조경 공사비를 받는다","451400","749303","","조경 건설"
"G33","자체 지식재산으로 캐주얼 모바일 게임을 개발해 앱스토어에 출시하고 운영한다","경쟁이 치열하지만 짧게 즐기는 캐주얼 게임 수요는 꾸준하고 인앱 결제 수익 모델이 명확하다","기획 아트 프로그래밍을 자체 팀이 맡아 게임을 개발하고 앱 마켓에 배포해 광고와 인앱 결제로 수익을 낸다","722002","722000","","모바일 게임 개발"
"G34","기업 요구에 맞춰 웹사이트와 사내 시스템을 설계하고 구축해 납품한다","중견기업이 흩어진 업무 시스템을 통합하고 싶지만 내부 개발 인력이 부족하다","요구 분석 후 아키텍처를 설계하고 개발 테스트 배포까지 수행해 시스템을 구축하고 구축비와 유지보수비를 받는다","721000","722000","","시스템 통합 구축"
"G35","자체 채널에 올릴 예능형 영상 콘텐츠를 기획하고 촬영 편집해 제작한다","브랜드와 채널이 꾸준한 영상 콘텐츠를 원하지만 기획부터 편집까지 맡길 곳이 부족하다","기획 촬영 편집 후반작업을 자체 인력이 맡아 영상물을 제작하고 광고 수익과 제작 의뢰비로 수익을 낸다","921505","921502;921503","","자체채널 콘텐츠 창작(미디어콘텐츠창작업)"
"G36","성인과 학생을 대상으로 영어 회화를 소규모 반으로 가르치는 학원을 운영한다","시험 위주 학원은 많지만 실제 말하기 중심으로 배우고 싶은 수요가 꾸준하다","원어민과 한국인 강사가 회화 중심 커리큘럼으로 대면 수업을 진행하고 월 수강료를 받는다","809017","809007","","외국어학원"
"G37","어린이와 청소년에게 태권도를 가르치고 승급 심사를 지도하는 도장을 운영한다","체육 활동과 인성 교육을 겸한 태권도장 수요가 꾸준하고 셔틀 운영으로 접근성을 높일 수 있다","관장과 사범이 연령별 반을 편성해 대면 지도하고 승급 심사와 시범단을 운영하며 월 관비를 받는다","809014","","","태권도 교육기관"
"G38","소상공인과 중소기업의 장부 기장과 세무 신고를 대행하는 세무 사무소를 운영한다","자영업자는 부가세와 종합소득세 신고가 복잡해 전문가에게 맡기고 싶어한다","세무사와 직원이 거래 자료를 받아 기장하고 부가세 원천세 종합소득세를 신고하며 월 기장료와 신고 수수료를 받는다","741201","741203","","세무 대행"
"G39","브랜드의 광고 캠페인을 기획하고 매체 집행과 콘텐츠 제작을 대행한다","광고주는 전략 수립부터 매체 집행까지 통합으로 맡길 대행사를 찾는다","브리프를 받아 캠페인 전략과 크리에이티브를 기획하고 온오프라인 매체 집행과 성과 리포트를 제공하며 대행 수수료를 받는다","743002","743003","","광고 대행"
"G40","아파트와 상가 매물을 중개하고 임대차와 매매 계약을 대리하는 공인중개사무소를 운영한다","직거래는 분쟁 위험이 크고 시세와 권리관계를 확인해 안전하게 계약하고 싶은 수요가 크다","매물을 접수해 시세와 권리를 확인하고 매수인 임차인을 연결해 계약을 중개하며 중개보수를 받는다","702001","","","부동산 중개"
"G41","러닝머신과 웨이트 기구를 갖춘 헬스장을 운영하며 개인 운동 지도도 제공한다","건강 관심이 높아지며 접근성 좋은 동네 헬스장과 개인 지도 수요가 꾸준하다","시설 이용권을 판매하고 트레이너가 개인 운동을 지도하며 월 회원권과 개인 지도료로 수익을 낸다","924305","","","체력 단련시설 운영"
"G42","자동차 엔진 미션 하체 등 고장 부위를 진단하고 부품을 교체해 수리하는 정비소를 운영한다","차량 노후화로 정비 수요는 꾸준하지만 정직하게 진단하고 수리하는 업체를 찾기 어렵다","입고 차량을 진단해 고객에게 견적을 설명하고 부품을 교체하거나 정비해 출고하며 공임과 부품비를 받는다","922201","922202","","자동차 수리"
"M01","직접 생두를 수입해 로스팅한 원두를 도매로 공급하고 같은 원두로 직영 카페도 한 곳 운영한다","좋은 원두를 신선하게 받기 어렵고 그 원두로 커피를 마실 공간도 부족하다는 불편이 함께 있다","자체 로스팅 시설에서 볶은 원두를 카페와 개인에게 도매로 납품하고 직영 매장에서는 바리스타가 그 원두로 음료를 만들어 현장 판매한다","154901","552303","552303","복수: 원두 가공 + 카페 운영"
"M02","농장에서 직접 딸기를 재배해 생과로 팔고 못난이 딸기로는 잼과 청을 만들어 병입 판매한다","제철이 지나면 딸기 판매가 끊기고 상품성 낮은 딸기를 버리게 되는 손실이 크다","비닐하우스에서 딸기를 재배해 수확 즉시 생과로 출하하고 상품성이 낮은 딸기는 자체 가공실에서 잼과 청으로 만들어 병에 담아 판매한다","011004","151304","151302;151304","복수: 딸기 재배 + 딸기 가공식품 제조"
"M03","원목으로 가구를 직접 제작해 판매하고 같은 공방에서 일반인 대상 목공 수업도 운영한다","대량생산 가구에 질린 소비자와 직접 만들어보고 싶은 취미 수요가 함께 늘고 있다","공방에서 원목을 재단하고 조립해 만든 테이블 의자 수납장을 주문 제작 판매하고 저녁과 주말에는 수강생에게 목공 기술을 가르치고 수강료를 받는다","361002","361003","809002","복수: 원목 가구 제조 + 목공 교습"
