id,seed,problem,solution,is_offline_store,expected_primary,expected_alt,expected_secondary,category,note
D0169,LED·조명용품 판매+설치. 스마트전구랑 전선·소켓 판매하고 설치해줌,카페·사무실들 에너지절약·인테리어용 조명 교체하고 싶은데 제품 골라 설치하기 귀찮아함.,"오프라인 소형 매장+온라인몰로 LED램프, 조명기구, 전선, 스위치 등 소매. 소형 매장서 기본 설치(간단한 배선 교체 포함) 유상으로 제공. 기업 납품·정기 점검 계약으로 안정적 매출 확보.",True,523352,,524001,구어체,
D0166,"동네 스페셜티 원두 로스팅+카페, 에스프레소·드립·원두포장·병입 콜드브루 팔거임",동네에 제대로 로스팅해서 소포장·병입까지 해주는 카페가 없음. 집에서 원두·콜드브루 사는 사람 많고 온라인 수요도 큼.,"작은 매장 차려서 매일 소량 로스팅, 매장서 에스프레소·드립 제공하고 로스팅한 원두 200g·500g 소분으로 판매. 자체 병입한 콜드브루(300ml)도 만들어 포장·판매하고 온라인 주문·택배함.",True,552303,,154901,구어체,
D0171,"동네 코인빨래방(셀프)+수거배달, 간단 의류수선(지퍼·단수선)",주택가에 세탁기 부족한 1인 가구 많음. 빨래방 근처에 배달/수거 없는 곳이라 편의성으로 장사될듯. 수선 간단히도 같이 해주면 추가수익.,"코인/셀프형 대형세탁기·건조기 설치한 오프라인 매장 운영. 앱·전화로 수거배달 예약 받고 유료 픽업/배송. 추가로 지퍼교체, 단수선 같은 의류수선 서비스(간단 수선) 별도 요금으로 제공.",True,930100,,922105,구어체,
D0168,중고가구 리퍼브샵. 소파·식탁 수선해서 배송·설치까지 팔음,이사할때 기성 가구 버려지는거 많고 새거는 비싸서 중고 리퍼브 수요 있음. 친환경·가성비 소비 늘어남.,"온라인(인스타·당근)으로 가구 수거하고 샌딩·도색·방석 재제작해서 매장에 전시·소매. 소액 위탁판매, 수거·배송·설치비 별도 청구로 수익. 기업·카페 납품 소량 주문도 받을 예정.",True,524010,,523311,구어체,
D0167,저온착즙 병입 주스 제조해서 구독배송+카페 납품,신선한 착즙주스 정기배송 원함. 슈퍼·보틀 주스는 첨가물 많고 맛·신선도 떨어짐. B2B 납품 수요도 있음.,소규모 제조공간에서 저온착즙해 냉장 병입한 250ml 주스 만들고 라벨 붙여서 구독형으로 당일·익일배송. 카페·오피스에 정기납품도 함. 포장·보존은 저온살균·단축 유통으로 처리.,False,155401,,940907,구어체,
D0178,"혼자 만든 실무형 코딩 온라인 부트캠프(풀스택 JS, 프로젝트 + 월구독)","기초 강의는 많은데 실전 프로젝트랑 코드리뷰가 부족함. 직장인/대학생은 시간도 없고, 반복해서 보면서 공부할 구독형 콘텐츠 원함.","자체 제작한 녹화 강의(강사 1인 진행), 실무 프로젝트 과제+코드리뷰(멘토링), 월구독 플랜으로 강의·과제·커뮤니티 제공. 기업 연수 패키지 따로 판매하고, 실습노트·전자책(PDF) 별도 판매.",False,809016,,921505,구어체,
D0177,카페용 재고·발주 자동화 SaaS 앱 — POS 연동 월구독 서비스,동네 카페들 재고관리 엉망. 원두나 컵 발주 수작업이라 품절·과잉구매 자주 발생. 소규모는 고급 ERP 못씀.,"웹/SaaS로 POS·회계 연동해서 재고 자동집계, 임계치 자동발주 알림·발주서 자동생성. 초기 세팅비 받고 월구독(2만~5만). 추가로 커스텀 통합 개발 수익 확보.",False,722000,,940926,구어체,
D0066,서버 운영·네트워크용 시스템 소프트웨어(미들웨어/관리툴) 개발 회사,호스팅·클라우드 사업자는 서버 모니터링·자동화·컨테이너 오케스트레이션을 통합한 경량 시스템 소프트웨어(미들웨어)를 원함. 상용화 가능성 높음.,"서버·네트워크 환경에서 동작하는 시스템 소프트웨어(에이전트, 미들웨어, 서버관리 데몬)를 개발하여 라이브러리·설치 패키지 형태로 기업 고객에 공급하고, 설치·지원 계약으로 수익화.",False,722004,,722004,명확단일,
D0059,중소기업용 윈도우 데스크톱 백업·보안 유틸리티 패키지 판매,"중소기업은 백업·암호화·파일 복구 기능을 통합한 저비용 오프라인 설치형 유틸리티 소프트웨어를 선호하며, 라이선스 기반으로 다수 배포 가능.","데스크톱(Windows)용 설치형 백업·암호화 유틸리티를 개발하여 웹사이트와 파트너 유통망을 통해 라이선스 판매(단일 라이선스 및 볼륨 라이선스), 정기 업데이트 유료 지원 제공.",False,722000,,722000,명확단일,
D0074,외국인 대상 한국어 회화·TOPIK 대비 학원,"유학·취업·비자 사유로 한국어 실력 향상을 원하는 외국인 학습자가 꾸준히 있으며, 맞춤형 회화·시험 대비반 수요가 높음.","오프라인 강의(소그룹 회화)와 시험 대비(모의고사, 첨삭) 과정을 운영하고, 장기과정·단기집중과정을 수강료 기반으로 판매. 온라인 보충 수업도 병행하나 학원 중심 서비스.",True,809017,,,명확단일,
D0006,소규모 스페셜티 원두 로스팅 및 소포장 제조판매(공장형 제조 중심),로컬 스페셜티 원두를 원하는 카페와 소비자가 늘지만 소량 로스팅·맞춤 블렌드 공급이 부족함.,생두 구매 후 소규모 로스터로 배치별 로스팅(원두 가공)하여 소포장 제품과 대량 납품용 원두를 제조·판매(온라인·B2B 병행).,True,154901,,,명확단일,
D0024,가전제품 방문수리 서비스(냉장고·세탁기·에어컨 고장수리),"대형 가전 고장 시 고객이 매장 이동이 어렵고, 신속한 방문수리 수요가 높다. 온라인 예약으로 당일 방문 서비스를 제공하면 경쟁력 있음.","기사 기반의 출장수리 서비스 운영: 콜출동·진단비, 부품교체, 계절별 점검 패키지 판매(에어컨 여름점검 등), 법인 아파트 관리사무소와 정기점검 계약을 체결하여 안정적 매출 확보.",False,922104,,,명확단일,
D0053,소형 스마트팜용 자동 환경제어기·관개 로봇을 개발·제조해 농가에 판매하는 제조업,소규모 스마트팜은 고가 장비 부담으로 자동화 보급이 더딤. 저비용·모듈형 기기가 필요한 시장 기회 존재.,온실·수경재배용 온·습도·CO2 제어기와 관개·수확 보조 로봇을 설계·시제품 제작·안전성 인증 후 농기계 유통망과 직접 납품한다.,False,292100,,,명확단일,
D0073,청소년 대상 파이썬·인공지능 실습형 오프라인 학원,"중고등학생의 AI·코딩 관심은 높지만 실습 시설(PC, 서버)과 과정을 갖춘 지역 오프라인 학원이 드물어 실습 중심 교육 수요가 존재함.","교실형 실습실을 갖춘 학원에서 소규모 실습 위주 파이썬, 머신러닝 프로젝트 반을 운영하고 학원 수강료(월정액·단기캠프)로 수익을 얻음. 방학 특강과 대회 대비반도 운영.",True,809013,,,명확단일,
D0014,프랜차이즈 제과품(빵·케이크·떡) 입점형 소매점,"동네 상권에 신선한 빵·과자류를 공급하는 소매점이 적고, 직장인·가구 대상 아침·간식 수요가 꾸준함.","본인이 직접 제빵을 하지 않고, 제빵 공장·체인 공급망에서 제품을 정기 구매해 매장(3,000㎡ 미만)에서 소매로 판매한다. 매장 내 포장·온음식 판매만 수행하며 제조 시설은 별도로 두지 않음(직접 제조 아님).",True,522061,,,명확단일,
D0041,프리미엄 화장품·식품용 판지 상자(리테일 박스) 생산,중소 화장품·식품 브랜드는 소량의 고급 판지박스(특수코팅·형압·내부 칸막이 포함)를 합리적 가격으로 맞춤 제작하기 어려움.,"판지 원단을 절단·접합·코팅·형압하여 화장품 케이스, 선물용 리테일 박스, 내부 칸막이·삽입물을 포함한 판지 상자(골판지 제외)를 제조해 소규모 브랜드·디자인 스튜디오에 B2B 납품 및 온·오프라인 판매.",False,210201,,,명확단일,
D0019,가죽자켓·가죽소품 전문 리테일(완제품 구입 후 판매),"고품질 가죽 의류와 소품(가죽 재킷, 가죽가방, 장갑)을 찾는 소비자는 전문 매장에서 브랜드와 품질을 직접 비교하고 구매하길 원함.","국내외 가죽 및 모피 의복 완제품(재킷, 코트, 가죽 팬츠)과 가죽 액세서리를 도매로 구매해 매장에서 소매 판매한다(자체 봉제·제작은 하지 않고 기성품 소매).",True,523236,,,명확단일,
D0075,지역 소규모 피아노·바이올린 개인 레슨 학원,아동·청소년을 대상으로 한 1:1 악기 개인 레슨 수요는 지역 커뮤니티에서 꾸준하나 전문 교습 기관이 제한적임.,"개인·소그룹 레슨(피아노, 바이올린)과 연주회·학원 내부 평가 시스템을 운영하여 수강료로 수익을 창출. 악기 대여·수업용 악보 판매 등 부가 서비스 제공.",True,809009,,,명확단일,
D0048,노지에서 절화(국화·카네이션)를 재배해 플로리스트와 도매시장에 공급하는 절화농장,"계절별·행사용 절화의 신선도 중요, 수입에 의존하면 신선도·유통비 문제 발생. 지역 공급망 강화 필요.",노지에서 시기별 꽃 작형을 조절해 국화·카네이션을 재배하고 절화 포장·냉장유통을 통해 플로리스트·도매시장에 공급한다.,False,011002,,,명확단일,
D0065,중소 리셀러 대상 소프트웨어 라이선스 대량 도매 유통,소프트웨어 개발사와 최종 판매처(중소 리셀러) 사이에 라이선스 대량 구매·할인 판매를 전문으로 하는 유통 채널 수요가 있음.,해외·국내 소프트웨어 개발사로부터 정식 라이선스(볼륨 라이선스)를 도매로 매입하여 지역 리셀러·기업에 대량 납품. 인보이스·계약 기반 B2B 판매로 수익 확보.,False,515050,,515050,명확단일,
D0022,전문 공구·전동공구 소매점(전문 목수·소규모 건설업체 대상),소규모 건설업체와 전문 목수들은 고성능 전동공구와 보수 부품을 바로 구매하고 싶은 수요가 많음.,"전동드릴, 임팩트 드라이버, 절단공구, 조절형 렌치 등 비동력·동력 공구 및 소모품(날·배터리)을 도매로 매입해 소매하고, 간단한 수리·배터리 충전 서비스를 병행한다(도구 직접 제조 없이 소매).",True,524001,,,명확단일,
D0015,디자이너 문구·수제 스케치북 전문 소매점,디자이너·일러스트레이터·취미그림 수요자가 독특한 수제 스케치북·고급 펜·수성·유성 마커 등 특화 문구를 찾기 어려움.,"해외·국내 수제 스케치북, 아티스트용 잉크·펜, 고급 수채·유화용 도구 등 문구용품을 도매로 매입해 오프라인 매장과 온라인으로 소매한다(제조가 아닌 소매 판매).",True,523983,,,명확단일,
D0032,"헤어 살롱(펌·염색·커트 전문, 프랜차이즈형 소규모 매장)",퍼스널 컬러·복합 시술 수요 증가로 전문 펌·염색 샵의 단골화가 용이. 시술 단가가 높아 매출성장 가능.,"펌·염색·컷·두피케어 등 서비스 제공, 제품(헤어케어) 소매, 예약제와 VIP 멤버십(정기염색 할인) 운영. 교육·스타일링 클래스로 부가수익 창출.",True,930203,,,명확단일,
D0036,소형 전력변환용 건식 변압기(제어·충전용) 제조,전기차 충전기·태양광 인버터·산업용 제어반에 들어가는 맞춤형 소용량 변압기 납기가 길고 MOQ가 높아 개발·설치 기업의 불편이 큼.,"권선·코어 설계부터 절연·조립·성능시험을 거쳐 제어반용, 충전기용, 계측용의 소형 변압기를 주문제작·소량생산하여 전력전자 제조사 및 공작기계 업체에 납품. 엔지니어링 서비스(맞춤 설계)로 추가 수익 확보.",False,311003,,,명확단일,
D0029,굴삭기·덤프·콘크리트펌프 등 건설장비 수리·정비 서비스(유압·엔진·전기계통),건설현장 장비 고장 시 긴급 복구 필요. 지역 건설사와의 정기정비 계약으로 안정적 매출 확보 가능.,"중장비 엔진·유압·전기계통 점검·수리, 용접·차대수리, 현장 출동 정비 서비스 제공. 정기점검 패키지와 예비부품 공급 계약 체결.",True,922106,,,명확단일,
D0001,"스페셜티 커피 전문점(에스프레소·핸드드립 위주, 매장 좌석 제공)",동네에 품질 높은 원두로 빠르고 전문적으로 커피를 즐기려는 20~40대 고객이 늘고 있으나 입맛에 맞는 스페셜티 카페가 부족함.,로스팅된 스페셜티 원두로 에스프레소·핸드드립·콜드브루 등 음료를 제조하여 매장 좌석과 테이크아웃으로 판매(원두 소량 포장 판매 병행).,True,552303,,,명확단일,
D0030,셀프 및 풀서비스 결합 코인세탁·수거배달 세탁소,맞벌이·1인 가구 증가로 무인세탁과 픽업·배달 세탁을 결합한 서비스 수요가 늘고 있음.,"동전식 셀프 빨래존과 전문 세탁(드라이클리닝 아님) 라인 운영, 앱으로 수거·배달 예약 및 정기 구독(주간·월간) 판매. 세제·섬유유연제 판매로 부가매출 창출.",True,930100,,,명확단일,
D0038,혼합 허브·꽃잎·곡물 기반 건조차(티) 블렌드 제조,"건강·웰니스 트렌드로 소포장 프리미엄 티(율무차, 유자말린 차, 꽃잎 블렌드) 수요는 높지만 지역 농산물을 활용한 가공·브랜딩 업체가 적음.","율무·볶은 곡물, 유자 건조·분말, 꽃잎·허브를 혼합·배합·건조·패키징해 스틱형·티백형 건조차 제품을 제조·브랜딩하여 온라인·샘플링·로컬 마켓으로 판매(음료 완제품(액상)은 제외).",False,154905,,,명확단일,
D0012,소형·저전력 미니 냉장고 전문 소매점(원룸용·캠핑용),원룸 거주자·캠퍼·학생들은 크기가 작고 전력 효율 높은 미니 냉장고를 원하지만 대형 가전 매장에서는 선택지가 적고 배송·설치 비용이 높음.,국내외 소형 냉장고(40~120L) 모델을 도매로 수급해 매장과 온라인 몰에서 소매한다. 제품별 전력효율·소음 데이터를 비교해 전시·판매하고 배송·설치·A/S 패키지를 유료로 제공(직접 제조하지 않고 신품 가전 소매).,True,523390,,,명확단일,
D0034,아크릴 기반 인조대리석 주방·욕실 상판 및 세면대 맞춤 제작,"소형 인테리어·리모델링 수요 증가로 맞춤형 무봉제 상판과 일체형 세면대, 소형 숙박업체·카페의 소량 주문을 받아 빠르게 대응할 수 있는 제조업체가 부족함.","천연광물 분말과 아크릴수지를 배합한 인조대리석 판재를 주조·절단·연마하여 맞춤형 주방 상판, 일체형 세면대, 창작 조형물 등을 제조해 B2B(인테리어 업체)와 B2C(직판·쇼룸)로 판매. 주문 제작, 설치 연계, 잔여조각 재활용으로 수익 창출.",True,269508,,,명확단일,
D0062,지역 특화 채용·구인구직 포털(프리랜서 매칭 기능 포함),"특정 지역(예: 부산) 연고의 구직자·구인업체는 대형 포털의 전국 단위 서비스보다 지역 특화 일자리 정보를 원하며, 프리랜서 단기 채용 수요도 증가 중.","지역 기업과 구직자를 연결하는 웹·모바일 포털 서비스를 제공하고, 프리미엄 공고·배너광고·이력서 열람 유료 상품으로 수익화. 사용자 커뮤니티와 뉴스레터 운영으로 트래픽 확보.",False,642004,,642004,명확단일,
D0011,생수·탄산수 등 비알코올 음료 전문 도매 유통(대형마트·편의점 납품),편의점·마트에 다양한 생수·탄산수 브랜드를 안정적으로 공급하는 물류 유통사가 필요함.,"수입·국내 생수, 탄산수 등 비알코올 음료를 대량 구매해 창고에서 보관·분류 후 소매채널(마트·편의점)에 도매 납품.",False,512260,,,명확단일,
D0023,노트북·데스크탑 및 주변기기 수리점(진단·부품교체·출장수리),홈오피스 확대로 노트북·데스크탑 고장·데이터 손상 발생 증가. 개인과 소규모 기업 대상 신속 진단과 출장수리가 부족하다.,"매장형 수리·진단 워크숍을 열고 SSD/메모리 교체, 데이터 복구, 바이러스 제거, 프린터·모니터 등 주변기기 수리와 기업용 정기 유지보수 계약(월정액)을 판매. 출장 방문 수리와 원격지원 요금제를 병행.",True,725000,,,명확단일,
D0067,초등 교과 연계 수준별 수학 워크북 시리즈 출판,초등 교과 과정은 학년별로 표준화되어 있으나 수준별(기초·중간·심화) 연습문제와 교사용 해설지를 함께 제공하는 출판물이 부족해 학부모와 학교의 보충학습 수요가 높음.,"학년별·단원별 수준 구분 워크북(인쇄본)과 교사용 해설서, PDF 다운로드 및 정기 구독형 문제은행을 기획·편집·인쇄·출판하여 온라인 직판과 학교·인쇄물 유통망을 통해 판매. 교사용 판촉 패키지 및 학교 대량구매 계약으로 수익화.",False,221103,,,명확단일,
D0054,지역산 배추·무·당근을 대량으로 매입해 대형마트·식자재유통사에 공급하는 채소 도매업,소규모 생산자는 유통망 접근성이 낮아 도매상이 안정적 수요처를 제공하면 생산자가 유리. 대형 유통사는 안정적 대량공급을 원함.,지역 농가에서 대량으로 채소를 매입·선별·저장(저온)한 뒤 포장·트럭배송으로 대형마트·식자재 유통사에 도매 공급한다.,False,512212,,,명확단일,
D0040,전기자전거·스쿠터용 튜브 및 소형 재생 타이어 제조,전동 모빌리티 확산으로 소형 전기자전거·킥보드에 맞는 내구성 높은 튜브·특수 사이즈 타이어의 안정적 공급과 재생타이어 수요가 증가하고 있음.,"고무 컴파운드 배합, 성형·가황 공정으로 전기자전거·스쿠터용 튜브 및 소형 타이어를 제조하고 유통사·모빌리티 공유업체에 도매 공급. 재생고무 사용 라인으로 원가 경쟁력 확보.",False,251102,,,명확단일,
D0051,토끼 번식·사육장을 운영해 육용·페ット용 토끼를 공급하는 토끼 사육업,"지역 내 육용·애완용 토끼 공급처가 적고 전문 번식시설 요구 증가, HACCP·위생 관리로 안전한 거래 가능.",실내 케이지로 번식·육성하며 사양관리와 건강검진을 통해 생토끼 및 분양(페ット)·도축용 공급계약을 체결한다.,False,012103,,,명확단일,
D0061,블록체인 기반 디지털 아트(캐릭터) NFT 마켓플레이스 운영 플랫폼,"디지털 아티스트는 저작권 관리 및 2차 거래 수익 배분을 자동화할 마켓이 필요하고, 구매자는 안전한 거래·에스크로 기능을 원함.","사용자가 디지털 아트를 NFT로 발행(민팅)하고 매매할 수 있는 웹·스마트컨트랙트 기반 플랫폼을 개발·운영. 거래 수수료(매매 시 %) 및 민팅 수수료로 수익 창출. 지갑 연동, 보관 서비스 제공.",False,724002,,724002,명확단일,
D0009,카페·식당 대상 원두·차류 도매 유통(소상공인 납품 전담),지역 카페들이 품질 좋은 원두와 차를 안정적으로 정기 공급받을 유통 파트너를 찾고 있음.,"스페셜티 원두, 티백·잎차 등 차류를 대량 구매해 창고 기반으로 패키지·소분 후 카페·급식업체에 정기 납품하는 B2B 도매 유통.",False,512273,,,명확단일,
D0076,영유아 발달 놀이법 1인 유튜브 채널 운영,"맞벌이 가정과 젊은 부모층에서 집에서 할 수 있는 발달 놀이법과 짧은 교육 콘텐츠 수요가 높고, 신뢰도 있는 육아 콘텐츠 크리에이터에 대한 수요가 있음.","교육적 놀이 영상(10–15분), 월간 유료 멤버십(추가 PDF·활동지 제공), 협찬·광고·브랜드 제휴를 통한 수익화. 개인 채널로 콘텐츠를 직접 기획·촬영·편집하여 업로드.",False,940306,,,명확단일,
D0060,중견기업 대상 클라우드 ERP 구성 및 커스터마이징 소프트웨어 개발,"중견기업들은 표준 ERP로는 부족한 제조·재고 관리 프로세스가 있어, 클라우드 기반 ERP의 모듈 커스터마이징과 통합 서비스를 찾음.","자체 개발한 ERP 응용 소프트웨어(생산·재고·회계 모듈)를 클라우드로 공급하고, 고객별 커스터마이징과 연동 컨설팅을 유상으로 제공. 초기 라이선스+구축비+연간 유지보수 과금 모델.",False,722000,,722000,명확단일,
D0046,노지에서 마늘(중만생종)을 재배해 지역마트·온라인으로 직거래하는 마늘농장,"마늘 가격 변동과 병해충으로 인한 수확 변동성, 지역 소비자는 믿을 수 있는 국산 마늘을 선호함.",노지 밭에서 작부체계와 종구 관리로 마늘을 재배·건조·선별해 지역마트와 온라인 사전예약·직거래로 판매한다.,False,011001,,,명확단일,
D0025,가죽가방·신발 수선·리폼 전문점(지퍼교체·가죽염색·굽교체),고가 가죽 가방·수제화 보유자가 재수선·리폼으로 제품 수명 연장을 원함. 적정 가격대의 정밀 수선 수요가 꾸준함.,"오프라인 수선점에서 가죽염색, 지퍼·스트랩 교체, 굽·창 수선, 방수·보호코팅 서비스를 제공. 고급 가방 복원 및 브랜드 수선 위탁 서비스로 수익 다각화.",True,922108,,,명확단일,
D0035,의류용·산업용 부직포(필터·위생품) 소량 맞춤 생산,소규모 공방·중소 의료·미용업체는 특정 규격의 필터·패드·위생용 부직포를 소량으로 안정적으로 공급받기 어려움.,"멜트블로운·스팬본드 등 부직포 원단을 구매·가공해 마스크 보강층, 공기필터용 패드, 화장품용 탈지·팩 시트, 산업용 여과용 패널 등 고객 맞춤 규격의 부직포 및 펠트 제품을 제조해 OEM·도매·온라인 직판으로 판매.",False,172903,,,명확단일,
D0043,스테인리스 와이어 선반·바구니·케이블 타이 등 금속선 가공제품 제작,소매·식품·공장용으로 규격화된 와이어 선반과 바구니를 소량·맞춤 규격으로 제작해주는 공급처가 적음.,"구입한 철선·스테인리스선 절단·성형·용접·표면처리 과정을 통해 와이어 선반, 주방·창고용 바구니, 케이블 타이·홀더 등 금속선 기반 조립제품을 제조하여 유통업체·온라인 샵에 공급.",False,289901,,,명확단일,
D0070,웹툰 연재작 모음 단행본·작품집 출판,"웹툰 플랫폼에서 인기 있는 연재작을 오프라인 단행본으로도 소장하려는 독자 수요가 있으며, 일부 작가는 단행본 출간 채널이 필요함.",웹툰 원고를 편집·재구성해 단행본(종이책)과 전자책으로 제작·출판하고 굿즈와 번들 패키지로 판매. 온·오프라인 서점 및 웹툰 플랫폼과의 제휴 판매를 통해 수익화.,False,221104,,,명확단일,
D0152,스페셜티 커피 전문 카페(매장 운영) + 자체 로스팅·포장한 원두 제조·도매,"로컬 소비자들 사이에서 싱글 오리진·스페셜티 원두 수요는 증가하지만, 인근 지역에는 소량으로 신선하게 로스팅해 소매·도매로 공급하는 곳이 적음. 카페 한 공간에서 체험(테이스팅)과 즉석 음료 매출을 만들면서, 자체 브랜드 원두 패키지와 B2B 납품으로 수익을 다각화하면 안정적 마진 확보가 가능함.","도심 상권의 40석 규모 매장에서 에스프레소·필터커피(싱글 오리진), 메뉴(라떼·콜드브루·계절 스페셜)를 제공(매장 판매, 테이크아웃). 매장 내 소형(15~30kg) 드럼 로스터 설치로 생두를 소량 로스팅해 200g/1kg 포장 판매 및 온라인 정기구독(주간/월간)을 운영. 또한 품질이 검증된 로스트럭을 통해 주변 소형 카페·레스토랑에 5~20kg 단위로 도매 공급. 매장 매출은 음료·푸드(간단 베이커리 포함), 제조 매출은 포장원두 판매(온라인·매장)와 도매 납품으로 구분되어 각기 별도 회계처리가 가능함.",True,552303,,154901,복합,
D0160,도심형 수직 수경재배로 키운 마이크로그린·샐러드 직영 카페 운영,"도심 내 신선 채소(마이크로그린, 베이비리프)에 대한 수요는 늘었지만, 유통 과정에서 신선도와 공급 안정성이 떨어지고, 레스토랑·카페로의 소량·정기 납품이 어렵다. 또한 소비자들은 신선한 샐러드를 빠르게 먹을 수 있는 장소를 원함.","도심 창고형 시설에서 LED 수경 수직재배 시스템으로 마이크로그린, 베이비리프, 허브(바질, 민트)를 연중 생산(주간·소량 다품종, 자동화 관비·환경제어). 생산물은 (1) B2B 정기 납품: 근처 레스토랑·샐러드 전문점에 포장 납품(주단위 정기계약) 및 신선도 보장(냉장 배송), (2) 직영 오프라인 카페: 같은 건물 1층에 샐러드·샌드위치·스무디를 판매하는 소형 서양식 카페 운영으로 즉석 소비 유도. 추가로 소량 소포장 온라인 직판(구독 박스)을 병행해 매출 다각화.",True,011008,,552104,복합,
D0156,코인세탁(셀프+위탁 수거)과 의류·린넨 맞춤수선(재봉·지퍼·단추교체)을 함께 제공하는 원스톱 세탁·수선 라운드,아파트 단지·원룸 밀집 지역에 세탁소는 있지만 수선(지퍼·단추·기장수선 등) 서비스가 별도로 없어 고객이 세탁물 맡길 때 수선까지 한번에 처리하길 원함. 바쁜 1~2인 가구와 공유숙박업체(게스트하우스)에서 수거·배달과 소량 맞춤 수선 수요가 꾸준히 발생함.,"오프라인 매장에 셀프 코인세탁기·건조기 및 전문 위탁 세탁 라인(프리미엄 코스)을 설치하고, 동일 공간에 숙련 재봉사가 상주하는 수선 창구를 둠. 고객은 세탁물 맡길 때 기장 수선, 지퍼 교체, 단추 다시달기, 구멍 메우기 등 소수선 옵션을 추가 가능. 앱/문자 기반 픽업·배달(정기 수거 구독)과 빠른 익일 EXPRESS 수선 요금제를 운영해 추가 수익을 창출. 수선용 부자재(지퍼, 단추, 수선키트) 소매 판매도 병행.",True,930100,,922105,복합,
D0162,지역 소상공인 대상 예약·리뷰·SNS연동 로컬커머스 플랫폼(앱) + 상점용 SaaS 유료구독,"동네 카페·맛집·미용실 등 소상공인은 자체 예약·재고·프로모션 관리 시스템이 없어 SNS DM·전화로 예약·주문을 처리하고, 소비자는 가게 정보·신뢰도·즉시 구매 수단이 분산되어 있어 반복 방문·즉시 구매 전환율이 낮음. 소상공인의 디지털화 수요는 높으나 전담 인력이 부족하고, 광고비는 부담스러움.","모바일·웹 앱을 통해 소비자에게 지역 가게 검색·리뷰·실시간 예약·테이크아웃·간편결제·SNS 공유 기능을 제공하고, 가게별 프로모션·쿠폰을 노출해 즉시 구매 전환을 유도한다(수익: 거래 수수료·유료 프로모션 광고). 동시에 가맹 소상공인 대상 클라우드 기반 SaaS를 월구독으로 제공하여 예약·테이블관리·재고·간편정산·SNS 연동(인스타그램 샵/페이스북 등) 기능을 제공하고 온·오프 프로모션을 관리할 수 있게 한다(수익: 구독료, 온보딩·교육 수수료). 오프라인 매장은 운영하지 않음(플랫폼/서비스만 제공).",False,722000,,525103,복합,
D0161,스마트 관망형 딸기 농장 + 팜스탑(직판장) 및 체험·수확 행사,"딸기 농산물은 신선도가 중요한데, 소규모 농가는 유통망에서 가격변동과 판로 확보에 어려움을 겪음. 도시 소비자들은 농장 체험·직거래를 통한 신뢰성 있는 농산물 구매를 선호함.","스마트 센서(토양·환경·관수 자동화)와 저온저장 시스템을 도입한 야외·시설 복합 딸기 재배(품종: 설향·매향). 수익 모델은 (1) 농산물 생산 및 도매·소매: 계절 중 도매 납품과 자체 팜스탑에서 신선 딸기·선물세트·간단 가공품(냉동딸기 소포장) 직접 판매, (2) 체험 프로그램·유료 수확 체험(유치원·가족 대상 예약형)으로 입장료·체험비 수익 창출. 온라인 예약과 택배 배송 병행.",True,011004,,522040,복합,
D0164,초등 대상 블록 코딩·로봇 공작 스튜디오(오프라인 학원 + 교재·키트 출판·판매),"초등학생 대상의 실습 중심 STEM 교육 수요는 증가하지만, 학교와 기존 학원은 이론 중심이거나 일회성 체험에 그침. 부모들은 연속된 커리큘럼과 집에서复습할 수 있는 교재·키트를 원함. 지역 기반의 체험형 학원과 자체 학습물로 복수의 수익원을 만들기 용이함.","서울 인근 상가(약 60㎡)에 주 2회 90분 블록 코딩·로봇 공작 오프라인 학원을 운영(방과후반, 주말 워크숍, 방학 캠프). 자체 커리큘럼에 맞춘 교재(워크북, 활동지)와 조립형 로봇 키트(보드, 모터, 센서, 설명서)를 직접 기획·제작·판매. 학원 수업료(월수강료, 캠프 참가비)로 안정적 수익을 확보하고, 온라인몰 및 학부모 대상 단체구매로 교재·키트 도매·소매 판매를 병행. 또한 타 학원·학교에 커리큘럼과 교재를 라이선스 제공하여 B2B 매출도 창출.",True,809013,,221103,복합,
D0158,소형·중형 실내용·외용 섬유보강 콘크리트 화분·벤치·가구 제조 및 맞춤 친환경 판지 포장박스 소량 주문생산 판매,"도심 소규모 조경업체와 인테리어 샵은 무거운 콘크리트 화분·가구를 소량 맞춤 주문으로 원하지만, 대량생산품은 디자인과 내구성이 떨어지고 운송 중 파손 방지를 위한 맞춤 포장 수요가 많다. 또한 지역 공방·소형 제조업체들은 지속가능한 소량 맞춤 포장재를 확보하기 어렵다.","작업장(소규모 몰드·진공진공성형·진동·양생 라인)을 갖추고 섬유(유리섬유·섬유보강제) 혼합 콘크리트로 디자인 화분, 실내외 벤치, 테라스용 가구 등 주문제작 제품을 제조·직판(온라인·B2B 도매 포함)한다. 동시에 자체 소형 골판지 재단·접착·인쇄 설비를 들여 제품별 맞춤 완충 인서트가 포함된 친환경 판지 상자(포장박스)를 소량 주문생산하여 자사 제품 포장에 사용하고, 외부 공방·가구업체·전시업체 등에 B2B로 판매하여 별도 수익을 창출한다.",True,269506,,210201,복합,
D0088,Q1: 재생 금속 수집·선별 후 아트 가구·소품 제작 및 직판(온라인 병행),"산업 폐기물·스크랩을 활용한 업사이클 제품 수요 증가와 함께, 재생자재의 판매 채널(원자재·가공품 모두)에 접근할 수 있음.","건설현장·공장 등에서 재생 가능한 금속 스크랩을 수집·선별해 재생 자재로 판매(플랜트·재활용업체 대상)로 안정적 수익을 확보하고, 선별된 자재 일부는 스튜디오에서 가공해 아트 가구·인테리어 소품으로 제작·직판(온라인 마켓, 팝업스토어)한다.",False,514971,,523311,유사경계,
D0115,자체 재배한 식물 추출물을 이용해 유기농 인증을 받은 농업용 천연 유해곤충 방제제(플랜트 추출 농약) 소량 제조·판매,화학합성 농약의 잔류·환경 문제가 커지면서 친환경·유기농 인증이 가능한 천연 방제제 수요가 증가하고 있음. 특히 소규모 유기농 가구는 소포장 제품을 선호.,"농장에서 재배한 식물(예: 니켈소나무, 님 등)에서 유효성분을 추출·정제해 액상·분무용 유기농 방제제를 제조하고, 포장·라벨링해 농가·농자재상에 납품 및 소매 판매.",False,242101,,011006,유사경계,
D0129,증강현실(AR) 연계 그림책 출판 및 전용 앱 개발·판매,유아·초등 독서 경험을 높이는 AR 그림책에 대한 부모 수요가 증가. 책과 앱을 결합한 제품은 도서 시장에서 차별화 가능성이 높음.,"스토리 기반 그림책을 기획·일러스트 제작해 인쇄 출판하고, 각 책에 대응하는 AR 앱을 자체 개발하여 그림책을 스마트폰으로 스캔하면 캐릭터가 애니메이션·음성해설을 재생. 종이책 판매(서점·온라인)와 앱 유료/인앱 결제로 수익화.",False,221100,,921505,유사경계,
D0110,소규모 농가와 외식업체를 매칭하는 온라인 B2B 주문·정산 플랫폼(중개수수료 기반),"소규모 농가는 안정적 판매처 부족, 외식업체는 로컬 소량 다품목 공급망을 구축하기 어려움. 플랫폼으로 직거래·스케줄링·정산을 자동화하면 유통비 절감과 신선도 개선 가능.",농가·레스토랑 회원을 모아 농산물 주문·배차·결제·수수료 기반 중개 서비스를 제공. 거래 데이터·물류 연결을 위한 SaaS형 기능도 제공하지만 주수익은 거래수수료.,False,511111,,512212,유사경계,
D0085,Q1: 맞춤 목재 창호(창틀) 제작·판매 및 현장 설치 서비스,"노후 건물의 창호 교체 수요가 늘고 있으나 지역 내에서 맞춤형 창호를 직접 구매·설치할 수 있는 소매 채널이 적고, 소비자는 창호 재질·단열 성능을 비교하기 어려움.","매장 뒤편의 소형 작업장에서 주문에 따라 목재 창호(창틀·창문틀)를 제작하고, 매장에서 일반 소비자에게 창호 제품(단창·복층유리 포함), 실링·페인트, 창호용 부속(레일·손잡이 등)을 소매로 판매한다. 추가로 현장 측정·설치 서비스를 유상 제공하여 설치까지 원스톱으로 처리한다.",True,523491,,523331,유사경계,
D0099,동네 재봉사 연결 의류수선 중개 플랫폼(집수거·배송 포함),"소규모 재봉·수선점은 고객 유입이 적고, 소비자는 편리한 집수거 수선 서비스를 원함. 플랫폼으로 양측을 연결하면 양쪽 모두 혜택.","모바일/웹 플랫폼을 통해 고객의 의류 수선·수선 요청을 접수하고, 수거·배송을 직접 운영하거나 제휴 택배로 처리. 지역 재봉사(개인사업자)가 실제 수선을 수행하고 플랫폼은 중개수수료와 물류·결제 기능을 제공.",False,922105,,749102,유사경계,
D0084,무인(배달전용) 콜드브루 제조·포장·온라인 구독·유통 서비스,"사무실·개인 소비자들이 편하게 고농축 콜드브루를 정기구독으로 배송받고 싶어하지만, 동네 카페에서는 대량 공급과 정기배송이 어렵다.","소규모 공장에서 원두 추출 후 필터링·병입해 라벨링하고, 온라인 구독으로 정기 배송 및 편의점·리테일 유통에 납품. 고객 문의는 온라인으로 처리하고 점포는 없음.",False,155401,,522093,유사경계,
D0093,중고·수리 병행 컴퓨터 수리 및 리퍼비시 온라인 판매,"개인·소규모 사무실에서 고장 난 노트북·데스크탑과 주변기기를 빠르게 수리받고, 저렴한 리퍼비시 제품을 온라인으로 구매하려는 수요가 늘고 있음. 폐기되는 부품을 재활용해 수익을 올릴 기회 존재.","수리 워크숍에서 노트북·데스크탑·모니터·키보드 등 컴퓨터 및 주변기기를 수리·진단하고, 고장 부품을 교체한 리퍼비시 제품을 자체 온라인몰과 오픈마켓에 판매. 출장 수리와 수거·배송 서비스 병행.",True,725000,,922103,유사경계,
D0108,"컨테이너형 수직농장에서 수경재배로 샐러드용 잎채소(로메인, 베이비채소)를 365일 생산해 레스토랑·구독자에 공급","도심 인근 레스토랑은 신선하고 균일한 잎채소를 안정적으로 원하지만, 기후·계절 변화로 공급이 불안정하고 물류비가 높음. 소비자는 신선한 구독형 샐러드 박스를 원함.","도심에 컨테이너형 수직수경 시설을 설치해 LED·환경제어로 잎채소를 연중 생산하고, B2B(레스토랑) 도매납품과 B2C 구독배송을 병행. 부가적으로 포장·선별·간단한 세척 작업을 수행.",False,011008,,512212,유사경계,
D0091,Q1: 중소기업 대상 인터넷·전화 회선 임대(기간통신 사업자로부터 회선 임차 후 재판매),"중소기업은 유연한 통신 요금제와 SIP/클라우드 전화 솔루션을 원하나, 대형 사업자의 표준 요금제가 맞지 않는 경우가 많음.","기간통신사업자로부터 회선과 트렁크를 임차해 SIP·VoIP 회선과 선불 통화 패키지를 온라인으로 판매하고, 고객 지원·요금제 커스터마이징 서비스를 제공한다(자체 회선 구축 없음).",False,642002,,523390,유사경계,
D0125,학교 수업 연계 인터랙티브 전자교재(비디오·퀴즈 포함) 및 인쇄 종이 교재 주문제작,"학교의 디지털 학습 환경 전환으로 전자교재 수요가 증가, 동시에 일부 학교는 여전히 인쇄 교재(실습용) 병행을 원함. 전자·인쇄 연계 패키지를 제공하면 학교 납품 시장을 공략할 수 있음.","교과과정에 맞춘 인터랙티브 e-book(영상 강의, 자동 채점 퀴즈 포함)을 제작·라이선스 판매하고, 교사용 인쇄 교재(워크북·활동지)는 주문제작·납품. 저작권을 소유해 학교·교육청과 단체 계약을 체결.",False,221103,,921505,유사경계,
D0107,천연 코르크 분말·모듈형 혼합수지로 만드는 친환경 요가블록·요가용품 생산,"플라스틱·합성 폼 제품의 환경문제로 코르크 기반의 친환경 요가용품 수요가 증가하며, 천연 코르크를 이용한 경질 블록·브릭을 소량·맞춤 색상으로 공급하는 생산자가 필요하다.","천연 코르크를 분쇄·체질하여 결합수지(친환경 바인더)와 혼합·압축 성형·경화·연마·재단·표면처리 과정을 통해 요가블록, 필라테스용 브릭, 코르크 매트 단위를 제조한다. B2C·B2B(요가학원)로 온라인과 유통망을 통해 유통한다.",False,202903,,269506,유사경계,
D0100,자동차 실내외 디테일링·PDR(무도장 판금)·블랙박스·대시캠 장착 소규모 정비점,"차량을 소유한 소비자가 디테일링(세차·실내크리닝), 무도장 판금 수리, 블랙박스·내비·전기장치 장착을 한곳에서 받고 싶어함. 부가장비 설치로 매출 다각화 가능.","소형 자동차 정비소에서 실내 크리닝·유광 코팅·PDR(무도장 판금) 등 전문 디테일링 서비스를 제공하고, 블랙박스·후방카메라·HUD 등 전장 장비 설치 서비스를 병행. 예약형 작업과 정기관리 패키지 판매.",True,922202,,922201,유사경계,
D0105,"지역 로스터리 카페 병행, 꽃잎·허브·곡물 혼합한 고급 티(벌크·선물세트) 제조·판매","웰빙·홈카페 트렌드로 향기·효능을 강조한 블렌드 티(유자꽃차, 쌍화차 베이스 티 등) 수요가 늘지만, 소량 맞춤 블렌드·원료 선별·탈수·가공을 제공하는 업체는 적다.","율무, 유자칩, 말린꽃잎, 허브, 조각 과일을 선별·건조·절단·블렌딩·계량·포장하여 느린추출용(티잎) 제품을 제조한다. 자체 건조·저장·포장시설을 갖추고 소매(매장·온라인)와 카페 도·소매를 병행해 판매한다. 음료로 제조(즉시 음용)하는 가공음료는 제공하지 않는다.",True,154905,,154103,유사경계,
D0090,Q1: 소형 광학·정밀기기 전문 매장(현미경·검사 렌즈) 및 계측·보정 서비스,"대학·연구실·소형 제조업체가 저가형부터 중급형 광학장비를 필요로 하나, 현지에서 구입·교정·정밀보정 받기 어려움.","현미경·착용형 렌즈·카메라용 매크로 렌즈 등 광학기기를 소매로 판매하고, 렌즈 정렬·계측기기 보정·클리닝·간단 수리를 유상으로 제공한다. 제품은 소비자 및 소규모 연구기관 대상.",True,523552,,523954,유사경계,
D0128,지역 음악학원(피아노·보컬) 운영과 학생 녹음 앨범 제작·판매,학부모는 레슨 결과물을 원하고 학생들은 포트폴리오·경쟁력 확보를 위해 녹음물·앨범 제작을 원함. 학원에서 소규모 스튜디오로 녹음 서비스를 제공하면 부가 수익 창출 가능.,"피아노·성악·실용음악 개인레슨을 정규 커리큘럼으로 운영하고, 학원 내 소규모 녹음 스튜디오로 학생 콘서트·레퍼토리 녹음물을 제작해 CD·디지털 음원으로 판매. 연말 공연 DVD 제작·판매도 병행.",True,809009,,221300,유사경계,
D0122,화주와 화물차주를 연결하는 모바일 화물중개 플랫폼(운송주선·수수료·실시간 매칭),"중소 화주들은 소량 화물 운송을 효율적으로 예약하기 어렵고, 비어있는 택배·화물 적재공간을 활용하면 운송비 절감 가능. 실시간 매칭 수요가 높음.","모바일 앱으로 화주가 화물정보(중량·부피·픽업·도착지)를 올리면 근처 등록된 운송사업자·차주에게 배정·견적을 요청하고, 운송계약 체결과 결제·평가를 중개. 중개수수료와 우선노출 유료상품으로 수익을 창출하며, 필요시 보험 연계 서비스를 제공.",False,602309,,642004,유사경계,
D0130,교실용 포스터·플래시카드·스티커 등 교육 인쇄물 제작·도매·온라인 소매,"학교·학원·홈스쿨에서 즉시 사용할 수 있는 시각 보조 자료(대형 포스터, 알파벳/숫자 플래시카드, 학습 스티커)의 수요가 꾸준함. 맞춤 주문·다량구매 시장도 존재함.","교사용 포스터(학습 목표별 대형 인쇄물), 플래시카드 세트, 활동용 스티커를 디자인·인쇄해 온라인 쇼핑몰과 교육자 대상 도매로 판매. 학교 로고·학급 맞춤 인쇄 서비스 제공.",True,221900,,221100,유사경계,
D0112,스마트팜 도입 희망 농가를 대상으로 파종·제초·수확·농약살포 등 현장 작업을 계약형으로 제공하는 농업 외주 서비스,귀농 초보자·영세농은 노동력과 계절인력 확보가 어려워 핵심 공정 일부를 외주화하려는 수요가 늘고 있음. 전문 장비·무인기 활용 수요도 존재.,"계약 기반으로 밭갈기·정식·파종·수확·농약살포(드론 포함)·수확 후 선별까지 제공하는 현장 대행 서비스를 제공하고, 농기계 임대·운영을 병행.",False,014302,,014301,유사경계,
D0109,스마트팜용 온습도·CO2·광 제어 모듈과 통합 제어기를 자체 설계·제조해 농가에 판매,"국내 소규모 스마트팜은 맞춤형 제어장비가 부족하고, 외산 장비는 비용이 높아 초기 도입 장벽이 큼. 유지보수·현장 커스터마이즈 수요가 존재함.","센서·액추에이터를 통합한 농업용 환경제어 하드웨어(모듈·컨트롤러)를 설계·조립·검증해 납품하고, 현장 설치·커미셔닝·사후 A/S를 제공. 일부 기기나 패널을 주문생산함.",False,292100,,281103,유사경계,
D0123,기업·스타트업 대상 맞춤형 모바일 앱 개발 프리랜서(프로젝트 단위 개발·유지보수·패키지 앱 판매),중소기업은 내부 개발 인력이 없어 외주로 맞춤 앱을 빠르게 개발해야 함. 단건 프로젝트와 일부 패키지 앱 판매로 안정적 매출 가능.,클라이언트 요구사항 분석→UI/UX 설계→모바일 앱 개발(안드로이드·iOS)→서버 연동·배포·유지보수까지 프로젝트 단위로 제공. 또한 자주 쓰이는 기능을 묶어 패키지 앱을 복수 업체에 라이선스 판매하기도 함. 수익은 개발 용역비·유지보수·라이선스 판매.,False,940926,,722000,유사경계,
D0118,보험상품 비교·가입을 자동화하는 SaaS 기반 보험중개 플랫폼(플랫폼 수수료·API 연동 수익),소비자는 다양한 보험사 상품을 일일이 비교하기 어렵고 보험사는 디지털 채널 확대를 원함. 자동 비교·맞춤 추천으로 전환율을 높일 기회.,"여러 보험사 API를 연동해 소비자 맞춤견적·상품비교·가입신청을 플랫폼에서 중개하고, 보험사로부터 수수료(중개수수료)를 받음. 개발된 비교 알고리즘과 UI는 SaaS로 보험 대리점에 제공 가능.",False,672000,,722000,유사경계,
D0101,맞춤형 인조대리석 주방·욕실 상판(퀄츠·아크릴 베이스) 소규모 제조,"국내 주택 리모델링 수요 증가로 모양·색상·크기를 주문 제작하는 인조대리석 상판 수요가 있으나, 대형업체의 최소발주량이 커 중소 인테리어업체와 직거래 가능한 소형 생산자가 필요하다.","수입 원석(천연광물 분말)과 아크릴·폴리에스터 수지를 배합해 몰딩·프레싱·연마·컷팅을 통해 맞춤 상판(주방·욕실 카운터, 세면대 일체형)을 제조하고, 소량 맞춤 주문을 B2B(인테리어)·B2C(온라인·매장)로 직접 납품·설치한다. 자체 레진 배합 탱크, 몰드, CNC 컷터, 연마설비를 보유해 원재료 가공에서 완제품까지 생산한다.",True,269508,,269506,유사경계,
D0080,옥상에서 허브·차류를 재배해 직접 음료에 활용하고 소형화분을 함께 파는 카페,"도심 소비자들이 '직접 기른 허브'로 만든 신선한 허브티·음료를 원하고, 체험형 구매(화분 구매)를 선호함.","카페에서 제공하는 음료(허브차, 허브라떼 등)에 옥상에서 재배한 바질·레몬밤·애플민트를 사용하고, 소량의 화분(재배용 묘목)을 매장에서 함께 판매. 주된 매출은 음료·테이블 서비스.",True,552303,,011005,유사경계,
D0078,스페셜티 원두 소량 로스팅 스튜디오 겸 카페,"지역 카페·개인 소비자들이 신선한 소량 로스팅 싱글오리진 원두를 원하지만 대형 로스터에서 소량 주문을 받기 어렵고, 로스팅 품질·원두 이력에 민감함.","자가 소형 로스터로 1~5kg 단위 소량 로스팅하여 포장한 원두를 온라인과 매장(테이스팅 바)에서 판매하고, 지역 카페에 소량 도매(주간 공급)로 납품. 매장에서는 에스프레소·핸드드립을 제공해 브랜드 노출을 확대.",True,154901,,552303,유사경계,
D0096,가정용 픽업·배달 세탁 앱(주요 타깃 가정) 및 소규모 카페 린넨 일부 공급,"도심 거주 가구는 편리한 픽업·배달 세탁을 원하며, 초기 B2C로 시작해 소규모 카페·식당 대상 린넨 공급으로 매출 다각화 가능.","모바일 앱을 통해 가정 고객의 세탁물 픽업·배달 예약을 받고, 자체 세탁 시설에서 가정용 세탁(일반 의류·이불·커튼 등)을 처리. 부가적으로 소규모 상업용 린넨 납품 계약을 일부 체결.",False,930100,,930102,유사경계,
D0121,"아티스트용 NFT 마켓플레이스(작품 민팅·거래·보관·로열티 자동지급, 수수료 기반)","디지털 아트 창작자들은 글로벌 판매 채널 및 저작권 수익(로열티) 확보가 어렵고, 안전한 보관·거래 인프라가 필요함. NFT 기반 중개 수요가 큼.","블록체인 기반 플랫폼에서 창작자가 작품을 민팅하고 구매자는 암호화폐·법정화폐로 구매할 수 있게 하며, 거래 수수료·민팅 수수료·프리미엄 보관료로 수익을 얻음. 지갑 연동·에스크로·로열티 자동분배 기능 제공.",False,724002,,749903,유사경계,
N004,제가 요리를 잘해서 그걸로 돈 벌 방법을 찾고 있어요,주변에서 음식 솜씨가 좋다는 말을 자주 듣습니다,요리 실력을 살려서 사업을 하고 싶은데 식당인지 배달인지 클래스인지 아직 안 정했어요,,,,,정보부족,수익화 방식 미정 → NONE
N006,대학 때 배운 전공을 살리고 싶어요,전공 지식이 아까워서 창업으로 연결하고 싶습니다,제 전공 분야에서 사업 기회를 찾는 중인데 형태는 미정입니다,,,,,정보부족,전공 활용 의사만 → NONE
N011,시니어 대상 사업이 유망하다고 해서요,고령화로 노인 인구가 계속 늘어난다고 들었습니다,시니어를 위한 뭔가를 하려고 하는데 돌봄인지 교육인지 여가인지 범위를 좁히는 중입니다,,,,,정보부족,인구 트렌드만 → NONE
N007,부업으로 시작해서 나중에 본업으로 키우고 싶습니다,직장 다니면서 할 수 있는 사업을 찾고 있어요,초기에는 소규모로 하다가 잘 되면 확장하려고 하는데 아이템은 여러 개 후보 중입니다,,,,,정보부족,규모 계획만 → NONE
N015,제 인맥을 활용한 사업을 생각하고 있어요,업계에 아는 사람이 많아서 그걸 자산으로 쓰고 싶습니다,네트워크를 기반으로 뭔가 중개하거나 연결하는 일을 하고 싶은데 분야는 미정입니다,,,,,정보부족,자원만 있고 사업 미정 → NONE
N020,투자를 받아서 빠르게 크는 스타트업을 만들고 싶어요,벤처 투자 시장이 살아나고 있다고 들었습니다,확장성 있는 아이템으로 스케일업하는 게 목표인데 그 아이템 자체를 아직 못 정했습니다,,,,,정보부족,성장 전략만 아이템 없음 → NONE
N016,요즘 구독 서비스가 대세라 그걸 해보고 싶어요,다들 구독 모델로 간다고 하니 저도 그렇게 하려고요,매달 뭔가를 정기 배송하거나 제공하는 사업인데 무엇을 구독시킬지는 아직입니다,,,,,정보부족,수익모델 형태만 → NONE
N010,아이 키우면서 느낀 불편함으로 창업하려고요,육아하면서 아쉬운 점이 정말 많았습니다,그 경험을 사업으로 만들고 싶은데 앱인지 제품인지 서비스인지 아직 구체화 전입니다,,,,,정보부족,문제의식만 → NONE
N019,지금 다니는 회사 일이랑 비슷한 걸로 독립하려고요,회사에서 하는 업무를 개인적으로도 할 수 있을 것 같습니다,회사 업무 노하우로 창업하려는데 어떤 서비스로 패키징할지 정리가 안 됐습니다,,,,,정보부족,직무 언급만 구체 서비스 미정 → NONE
N005,AI가 요즘 뜨니까 AI로 뭔가 해보려고 합니다,인공지능이 모든 산업을 바꾸고 있다고 들었어요,AI 기술을 활용한 사업을 구상 중인데 어떤 분야에 적용할지 탐색하고 있습니다,,,,,정보부족,기술 키워드만 → NONE
