id,category,mvp_group,seed,problem_or_opportunity,solution_approach,is_offline_store,llm_expected_primary,llm_expected_primary_name,llm_expected_secondary,llm_expected_note,llm_why,auto_check,search_rank_of_expected,사람_확정_primary,사람_확정_secondary,사람_확정_note,사람_검수완료
D0001,명확단일,카페·음식점,"스페셜티 커피 전문점(에스프레소·핸드드립 위주, 매장 좌석 제공)",동네에 품질 높은 원두로 빠르고 전문적으로 커피를 즐기려는 20~40대 고객이 늘고 있으나 입맛에 맞는 스페셜티 카페가 부족함.,로스팅된 스페셜티 원두로 에스프레소·핸드드립·콜드브루 등 음료를 제조하여 매장 좌석과 테이크아웃으로 판매(원두 소량 포장 판매 병행).,True,552303,커피 전문점,,접객시설을 갖추고 커피 음료를 전문적으로 제공하는 업종에 해당.,매장에서 직접 커피 음료를 제조·제공하고 손님을 접객하는 형태로 '커피 전문점(552303)'이 적절함. 원두 소량 포장은 부수적 활동으로 주업종을 바꾸지 않음.,OK,1,,,,
D0002,명확단일,카페·음식점,매장 직화로 굽는 수제 제과점(빵·샌드 및 커피 일부 병행),인근에 식사용 품질 좋은 베이커리가 적어 출근·점심 고객을 확보할 기회가 있음.,"매장에서 직접 반죽 및 굽기(빵, 크루아상, 샌드위치)하여 즉석 판매하고, 간이 좌석에서 커피·음료를 함께 제공함.",True,552301,제과점업,,즉석에서 빵·제과를 구워 일반 소비자에게 판매하는 업종.,직접 조리·제빵하여 고객에게 판매하고 접객시설을 갖추면 '제과점업(552301)'으로 명확히 분류됨.,검색33위,33,,,,
D0003,명확단일,카페·음식점,생과일 착즙 주스·스무디 바(현장 제조 테이크아웃 중심),"건강한 간편한 음료를 찾는 소비자가 늘었고, 출근길·운동객 대상의 신선 착즙 주스 수요가 존재함.",제철 과일과 채소를 사용해 현장에서 착즙·블렌딩한 주스·스무디를 즉석으로 제조하여 테이크아웃 및 매장 제공.,True,552307,기타 비알코올 음료점업,,접객시설을 갖추고 주스 등 비알코올 음료를 만들어 제공하는 업종.,주스로 현장에서 제조·제공하는 사업 형태가 '기타 비알코올 음료점업(552307)'에 해당함.,검색69위,69,,,,
D0004,명확단일,카페·음식점,가정식 백반 전문점(점심 정찬형 반찬 여러종 제공),직장 밀집지역에 오랜 시간 앉아 식사할 수 있는 정갈한 한식 백반집이 부족함. 점심 고정고객 확보 가능.,국·반찬이 포함된 백반류 중심의 한식 식단을 직접 조리해 매장에서 제공하고 포장 판매 병행.,True,552101,한식 일반 음식점업,,한식 일반 음식을 제공하는 음식점업에 해당.,한식 백반류·찌개류 등을 매장에서 직접 조리·제공하므로 '한식 일반 음식점업(552101)'로 분류됨.,OK,2,,,,
D0005,명확단일,카페·음식점,"이동형 스페셜티 카페 푸드트럭(이동 판매, 행사·오피스 출입)",행사·오피스 상주 수요가 많지만 고정 매장을 내기엔 비용 부담이 커 유연한 이동 판매로 초기 시장 진입 가능.,"푸드트럭에서 에스프레소 기반 음료·콜드브루·간단한 베이커리(와플 등)를 즉석 제조·테이크아웃 판매, 행사 출점과 기업 케이터링으로 수익 창출.",False,552308,이동 음식점업,,이동식 장비로 소비자에게 직접 조리·판매하는 업종.,지정된 고정 점포가 아닌 이동식으로 음식·음료를 조리·판매하므로 '이동 음식점업(552308)'이 적합함.,OK,1,,,,
D0006,명확단일,카페·음식점,소규모 스페셜티 원두 로스팅 및 소포장 제조판매(공장형 제조 중심),로컬 스페셜티 원두를 원하는 카페와 소비자가 늘지만 소량 로스팅·맞춤 블렌드 공급이 부족함.,생두 구매 후 소규모 로스터로 배치별 로스팅(원두 가공)하여 소포장 제품과 대량 납품용 원두를 제조·판매(온라인·B2B 병행).,True,154901,커피 가공업,,원두를 가공(로스팅)하여 포장·판매하는 제조 활동에 해당.,원두의 로스팅·가공을 주된 활동으로 하고 제품을 제조·판매하므로 '커피 가공업(154901)'으로 분류됨.,검색밖,,,,,
D0007,명확단일,카페·음식점,병입 콤부차·무카페인 차 제조업(유통용 병음료 생산),건강 음료 시장 성장으로 대형마트·카페 납품용 병입 콤부차·허브티 수요가 확대되고 있음.,발효·추출 설비로 콤부차 및 차 추출물을 제조해 멸균·병입·라벨링하여 유통사·카페·온라인에 납품하는 제조업.,False,155401,기타 비알코올 음료 제조업,,무가열 또는 가열·혼합해 병입하는 비알코올 음료 제조 활동에 해당.,병입 음료를 원료 가공·혼합·생산하는 주된 활동으로 '기타 비알코올 음료 제조업(155401)'이 적절함.,OK,16,,,,
D0008,명확단일,카페·음식점,캔커피·생수·탄산수 등 음료 전문 소매점(무인 판매대·테이크아웃 병행),사무실 건물 지하·역 출구 인근에 간편하게 음료를 구매하려는 수요가 높음. 무인 시스템으로 인건비 절감 가능.,"다양한 캔·병 음료(캔커피, 생수, 탄산수, 에너지드링크)를 진열·판매하는 소매점(자판기·무인판매 포함).",True,522093,음료 소매업,,비알코올 음료를 소매로 판매하는 업종에 해당.,주류가 아닌 각종 음료를 최종 소비자에게 소매로 판매하므로 '음료 소매업(522093)'으로 분류됨.,OK,2,,,,
D0009,명확단일,카페·음식점,카페·식당 대상 원두·차류 도매 유통(소상공인 납품 전담),지역 카페들이 품질 좋은 원두와 차를 안정적으로 정기 공급받을 유통 파트너를 찾고 있음.,"스페셜티 원두, 티백·잎차 등 차류를 대량 구매해 창고 기반으로 패키지·소분 후 카페·급식업체에 정기 납품하는 B2B 도매 유통.",False,512273,커피 및 차류 도매업,,커피·차류 가공식료품을 도매로 유통하는 활동에 해당.,카페·식당에 원두와 차를 도매 공급하는 B2B 유통 활동이므로 '커피 및 차류 도매업(512273)'이 적절함.,OK,1,,,,
D0010,명확단일,카페·음식점,"수제 수제버거 전문점(그릴·수제 소스 제공, 매장 홀·포장 판매)",지역 내 수제버거에 대한 관심이 높으나 고품질 패티와 소스를 제공하는 전문점이 부족함.,현장 그릴로 패티를 구워 수제 소스·수제 번으로 만든 버거와 사이드(감자튀김)를 매장 좌석과 포장으로 판매.,True,552118,"피자, 햄버거, 샌드위치 및 유사 음식점업",,피자·햄버거·샌드위치 등 직접 조리하여 판매하는 업종에 해당.,"매장에서 직접 햄버거를 조리해 일반 소비자에게 판매하므로 '피자, 햄버거, 샌드위치 및 유사 음식점업(552118)'으로 분류됨.",OK,5,,,,
D0011,명확단일,카페·음식점,생수·탄산수 등 비알코올 음료 전문 도매 유통(대형마트·편의점 납품),편의점·마트에 다양한 생수·탄산수 브랜드를 안정적으로 공급하는 물류 유통사가 필요함.,"수입·국내 생수, 탄산수 등 비알코올 음료를 대량 구매해 창고에서 보관·분류 후 소매채널(마트·편의점)에 도매 납품.",False,512260,비알코올 음료 도매업,,비알코올 음료를 도매로 공급·유통하는 활동에 해당.,주로 생수·탄산수 등의 비알코올 음료를 도매로 취급하는 사업 형태이므로 '비알코올 음료 도매업(512260)'로 적합함.,OK,1,,,,
D0012,명확단일,소매(오프라인·온라인),소형·저전력 미니 냉장고 전문 소매점(원룸용·캠핑용),원룸 거주자·캠퍼·학생들은 크기가 작고 전력 효율 높은 미니 냉장고를 원하지만 대형 가전 매장에서는 선택지가 적고 배송·설치 비용이 높음.,국내외 소형 냉장고(40~120L) 모델을 도매로 수급해 매장과 온라인 몰에서 소매한다. 제품별 전력효율·소음 데이터를 비교해 전시·판매하고 배송·설치·A/S 패키지를 유료로 제공(직접 제조하지 않고 신품 가전 소매).,True,523390,가전제품 소매업,,가정용 소형 전기기기(냉장고) 전문 소매,가전제품(냉장고)은 가정용 전기기기에 해당하므로 가전제품 소매업 코드(523390)가 적합.,OK,5,,,,
D0013,명확단일,소매(오프라인·온라인),원룸·소형주택용 모듈형 가구 전문 소매점,1인 가구와 소형주택이 증가하면서 공간 효율 높은 조립식·모듈 가구 수요가 급증하지만 대형 가구점 제품은 부피가 크고 배송비 부담이 큼.,"제작은 전문 가구 공장에 위탁(혹은 주문제작 협력)하고, 완제품 및 반조립 모듈 가구(침대·수납장·책상 등)를 매장에서 전시·판매하며 배송·설치 서비스 포함해 소매한다(직접 대량 제조하지 않고 가구를 매입해 소매).",True,523331,가구 소매업,,가구(목재 가구 등) 전문 소매,목재·주방용 가구 등 각종 가구를 전문적으로 소매하는 활동으로 가구 소매업 코드(523331)가 일치한다.,OK,4,,,,
D0014,명확단일,소매(오프라인·온라인),프랜차이즈 제과품(빵·케이크·떡) 입점형 소매점,"동네 상권에 신선한 빵·과자류를 공급하는 소매점이 적고, 직장인·가구 대상 아침·간식 수요가 꾸준함.","본인이 직접 제빵을 하지 않고, 제빵 공장·체인 공급망에서 제품을 정기 구매해 매장(3,000㎡ 미만)에서 소매로 판매한다. 매장 내 포장·온음식 판매만 수행하며 제조 시설은 별도로 두지 않음(직접 제조 아님).",True,522061,"빵류, 과자류 및 당류 소매업",,제과류(빵·과자·떡류 등)를 공급받아 소매,직접 제조하지 않고 제과류를 공급받아 소매하는 업태로 빵류·과자류 소매업 코드(522061)가 적합하다.,OK,1,,,,
D0015,명확단일,소매(오프라인·온라인),디자이너 문구·수제 스케치북 전문 소매점,디자이너·일러스트레이터·취미그림 수요자가 독특한 수제 스케치북·고급 펜·수성·유성 마커 등 특화 문구를 찾기 어려움.,"해외·국내 수제 스케치북, 아티스트용 잉크·펜, 고급 수채·유화용 도구 등 문구용품을 도매로 매입해 오프라인 매장과 온라인으로 소매한다(제조가 아닌 소매 판매).",True,523983,문구용품 및 회화용품 소매업,,문구·회화용품 전문 소매,문구류 및 회화용품을 전문적으로 소매하므로 문구용품 및 회화용품 소매업 코드(523983)가 적절하다.,OK,1,,,,
D0016,명확단일,소매(오프라인·온라인),국산·수입 경차용 엔진 및 전용 신품 부품 전문 소매점,동네 정비소와 개인 경차 오너들은 OEM 규격의 엔진 부품·타이밍 벨트·연료분사부품을 신속히 구하기 어려움.,"자동차 제조사 인증 신품 엔진 부품(엔진헤드 가스켓, 피스톤, 캠샤프트 등)과 동력전달 관련 신품 부품을 공식 도매처에서 수급해 매장 및 온라인으로 소매한다(신품 부품 전문 소매).",True,503009,자동차용 전용 신품 부품 판매업,,자동차용 엔진·동력 전달 등 전용 신품 부품 소매,자동차 엔진·차체·동력 전달 장치 등 전용 신품 부품을 판매하므로 해당 코드(503009)가 맞다.,OK,3,,,,
D0017,명확단일,소매(오프라인·온라인),OTC 의약품·가정용 의료용품 전문 편의 약국(처방전 취급 제외 사업모델),"동네에서 상비약·체온계·상처용 의료용품을 쉽게 구매하려는 소비자가 많고, 편의점형으로 접근성 높은 매장이 필요함.","의약외품·일반의약품(OTC)과 가정용 의료용품(체온계, 혈압계, 소독제 등)을 도매로 매입해 소매한다. 전문 의약품 처방 조제는 하지 않고, 상비약 소매에 집중한다(제조 아님).",True,523114,의약품 및 의료용품 소매업,,의약품 및 의료용품 소매(OTC·의약외품 중심),일반의약품과 가정용 의료용품을 소매하는 활동으로 의약품 및 의료용품 소매업 코드(523114)가 적합하다.,OK,2,,,,
D0018,명확단일,소매(오프라인·온라인),원데이 콘택트렌즈·가정용 시력측정 보조기기 전문 소매점,온라인 구매의 불편함과 즉시 착용·체험 필요 때문에 소비자들이 근처 매장에서 원데이 렌즈와 간단한 시력측정 보조기기를 구매하길 원함.,"일회용 콘택트렌즈, 렌즈용 세정제, 간이 시력측정기(가정용·휴대용) 등 광학용품과 렌즈 관련 액세서리를 도매로 매입해 소매 및 매장 내 간단한 착용·설명 서비스를 제공한다(정밀 검사·처방은 전문병원별도).",True,523552,기타 광학 및 정밀 기기 소매업,,광학용품(콘택트·간이측정기 등) 및 정밀기기 소매,콘택트렌즈·광학용품·간단한 정밀기기 중심 소매로 광학 및 정밀기기 소매업 코드(523552)가 적절하다.,OK,12,,,,
D0019,명확단일,소매(오프라인·온라인),가죽자켓·가죽소품 전문 리테일(완제품 구입 후 판매),"고품질 가죽 의류와 소품(가죽 재킷, 가죽가방, 장갑)을 찾는 소비자는 전문 매장에서 브랜드와 품질을 직접 비교하고 구매하길 원함.","국내외 가죽 및 모피 의복 완제품(재킷, 코트, 가죽 팬츠)과 가죽 액세서리를 도매로 구매해 매장에서 소매 판매한다(자체 봉제·제작은 하지 않고 기성품 소매).",True,523236,가죽 및 모피 의복 소매업,,가죽·모피 의복 및 관련 완제품 소매,가죽 및 모피 소재의 의복을 전문적으로 소매하는 사업으로 해당 코드(523236)가 일치한다.,OK,19,,,,
D0020,명확단일,소매(오프라인·온라인),프리미엄 도자기·주방칼·글라스웨어 전문 소매점(레스토랑·홈셰프 대상),전문 주방도구와 도자기·유리 제품은 품질과 디자인 차이가 커서 요식업체·홈셰프가 직접 보고 구매하길 원함.,"일본·유럽 수입 도자기, 전문 셰프용 주방칼, 내열 유리제품 등을 도매로 수입·구입하여 오프라인 전시·소매 및 기업 납품 소량 공급을 한다(제조 아님).",True,523422,"주방용품 및 가정용 유리, 요업제품 소매업",,주방용품·가정용 유리·요업제품 전문 소매,도자기·주방도구·유리제품을 전문적으로 소매하는 활동으로 주방용품 및 가정용 유리·요업제품 소매업 코드(523422)가 적절하다.,OK,2,,,,
D0021,명확단일,소매(오프라인·온라인),소형 차량·손수레 순회로 생필품·간식 판매하는 이동 소매(아파트 단지 순회),고령층과 바쁜 맞벌이 가구 일부는 가까운 시간대에 간단한 생필품·간식을 구입할 수 있는 이동 판매 서비스를 원함.,"경량 트럭 또는 손수레 형태의 이동 판매차량을 이용해 아파트 단지·상가를 순회하며 음료, 스낵, 생활용품(화장지·세제 소포장) 등을 현장 소매한다. 고정 매장 없이 이동·무점포 소매로 운영(재고는 차량 보관).",False,525912,그 외 기타 무점포 소매업,,차량·이동체를 이용한 무점포(이동) 소매,차량 등을 이용해 구역을 이동하면서 상품을 판매하는 무점포 소매업으로 525912(그 외 기타 무점포 소매업)가 해당된다.,검색34위,34,,,,
D0022,명확단일,소매(오프라인·온라인),전문 공구·전동공구 소매점(전문 목수·소규모 건설업체 대상),소규모 건설업체와 전문 목수들은 고성능 전동공구와 보수 부품을 바로 구매하고 싶은 수요가 많음.,"전동드릴, 임팩트 드라이버, 절단공구, 조절형 렌치 등 비동력·동력 공구 및 소모품(날·배터리)을 도매로 매입해 소매하고, 간단한 수리·배터리 충전 서비스를 병행한다(도구 직접 제조 없이 소매).",True,524001,공구 소매업,,수공구 및 동력공구(전동공구) 전문 소매,비동력 수공구와 전동공구를 전문적으로 소매하는 활동으로 공구 소매업 코드(524001)가 적합.,OK,2,,,,
D0023,명확단일,생활서비스(미용·수리·세탁 등),노트북·데스크탑 및 주변기기 수리점(진단·부품교체·출장수리),홈오피스 확대로 노트북·데스크탑 고장·데이터 손상 발생 증가. 개인과 소규모 기업 대상 신속 진단과 출장수리가 부족하다.,"매장형 수리·진단 워크숍을 열고 SSD/메모리 교체, 데이터 복구, 바이러스 제거, 프린터·모니터 등 주변기기 수리와 기업용 정기 유지보수 계약(월정액)을 판매. 출장 방문 수리와 원격지원 요금제를 병행.",True,725000,컴퓨터 및 주변 기기 수리업,,컴퓨터 및 주변 기기 수리업,노트북·데스크탑·프린터·모니터 등 컴퓨터와 주변기기를 전문 수리·유지하는 활동으로 725000이 적합함.,OK,1,,,,
D0024,명확단일,생활서비스(미용·수리·세탁 등),가전제품 방문수리 서비스(냉장고·세탁기·에어컨 고장수리),"대형 가전 고장 시 고객이 매장 이동이 어렵고, 신속한 방문수리 수요가 높다. 온라인 예약으로 당일 방문 서비스를 제공하면 경쟁력 있음.","기사 기반의 출장수리 서비스 운영: 콜출동·진단비, 부품교체, 계절별 점검 패키지 판매(에어컨 여름점검 등), 법인 아파트 관리사무소와 정기점검 계약을 체결하여 안정적 매출 확보.",False,922104,가전제품 수리업,,가전제품 수리업,가정용 전기제품(냉장고·세탁기·에어컨 등)을 전문적으로 수리·유지하는 활동으로 922104에 해당함.,OK,1,,,,
D0025,명확단일,생활서비스(미용·수리·세탁 등),가죽가방·신발 수선·리폼 전문점(지퍼교체·가죽염색·굽교체),고가 가죽 가방·수제화 보유자가 재수선·리폼으로 제품 수명 연장을 원함. 적정 가격대의 정밀 수선 수요가 꾸준함.,"오프라인 수선점에서 가죽염색, 지퍼·스트랩 교체, 굽·창 수선, 방수·보호코팅 서비스를 제공. 고급 가방 복원 및 브랜드 수선 위탁 서비스로 수익 다각화.",True,922108,"가죽, 가방 및 신발 수리업",,"가죽, 가방 및 신발 수리업","가죽 제품, 가방, 신발의 전문 수선·복원 활동이므로 922108이 적절함.",OK,1,,,,
D0026,명확단일,생활서비스(미용·수리·세탁 등),시계·귀금속·악기 수리·리페어 숍(시계오버홀·반지사이즈·바이올린 셋업),고급 시계·악기·귀금속은 전문 수리가 필요하며 지역 내 전문점 부족. 정기 점검과 커스터마이징 수요 존재.,"시계 오버홀, 배터리·밴드 교체, 귀금속 리사이징·용접·세척, 현악기 셋업 및 튜닝 서비스를 매장형으로 제공. 고가 수리·감정 서비스로 추가 수익.",True,922109,"시계, 귀금속 및 악기 수리업",,"시계, 귀금속 및 악기 수리업",시계·귀금속·악기 등의 전문 수리·유지 활동을 포함하므로 922109가 적합함.,OK,1,,,,
D0027,명확단일,생활서비스(미용·수리·세탁 등),가구·정원용 장비 수리 및 복원 공방(목재가구 수선·예초기·전동공구 점검),"맞춤 가구 수선과 오래된 가구 복원 수요가 있으며, 정원용 전동공구(예초기·전정기) 수리도 필요함.","목재가구 접합·도장·재가공, 소파·리클라이너 간단 수리, 정원용 장비(톱, 예초기) 점검·날갈이·정비 서비스를 제공. 수거·배달·현장 방문 수선 옵션 병행.",True,922101,그 외 기타 개인 및 가정용품 수리업,,그 외 기타 개인 및 가정용품 수리업(가구·정원용 장비 등),가정용 철물·수공구·정원장비·가구 등 기타 가정용품 수리를 포함하는 922101에 해당함.,OK,7,,,,
D0028,명확단일,생활서비스(미용·수리·세탁 등),드론 및 정밀전자기기 수리·교정 워크숍(짐벌·센서·비행제어 보드 수리),드론 촬영 수요 증가로 센서·짐벌·비행제어기 관련 고장·교정 서비스 수요 확대. 정밀 조정과 펌웨어 복구가 필요함.,"정밀 납땜, 센서 교체, 모터·짐벌 정밀조정, 펌웨어 복원 및 캘리브레이션 서비스를 제공. 드론 기업·촬영 스튜디오 대상 유지보수 계약과 교육 워크숍 병행.",True,922103,전기ㆍ전자 및 정밀 기기 수리업,,전기·전자 및 정밀 기기 수리업,드론의 전자·정밀 부품을 수리·교정하는 활동은 전기·전자 및 정밀기기 수리에 해당하여 922103을 적용함.,OK,1,,,,
D0029,명확단일,생활서비스(미용·수리·세탁 등),굴삭기·덤프·콘크리트펌프 등 건설장비 수리·정비 서비스(유압·엔진·전기계통),건설현장 장비 고장 시 긴급 복구 필요. 지역 건설사와의 정기정비 계약으로 안정적 매출 확보 가능.,"중장비 엔진·유압·전기계통 점검·수리, 용접·차대수리, 현장 출동 정비 서비스 제공. 정기점검 패키지와 예비부품 공급 계약 체결.",True,922106,건설ㆍ광업용 기계 및 장비 수리업,,건설·광업용 기계 및 장비 수리업,굴삭기 등 건설·광업용 기계의 전문 수리·유지 활동에 해당하므로 922106이 적절함.,OK,1,,,,
D0030,명확단일,생활서비스(미용·수리·세탁 등),셀프 및 풀서비스 결합 코인세탁·수거배달 세탁소,맞벌이·1인 가구 증가로 무인세탁과 픽업·배달 세탁을 결합한 서비스 수요가 늘고 있음.,"동전식 셀프 빨래존과 전문 세탁(드라이클리닝 아님) 라인 운영, 앱으로 수거·배달 예약 및 정기 구독(주간·월간) 판매. 세제·섬유유연제 판매로 부가매출 창출.",True,930100,가정용 세탁업,,가정용 세탁업,일반 대중을 대상으로 세탁물을 수집·세탁하는 서비스로 930100(가정용 세탁업)에 해당함.,OK,1,,,,
D0031,명확단일,생활서비스(미용·수리·세탁 등),남성 전용 이발소(컷·면도·염색·헤어스타일링),트렌디한 바버 스타일과 빠른 서비스(예약·워킹인) 선호 증가. 남성 전용 전문 서비스로 충성고객 확보 가능.,"컷트·면도·수염정리·부분염색·헤어스타일링 서비스 제공, 멤버십(월간 예약권)과 학생·단체 할인, 제품(왁스·오일) 소매 판매로 수익화.",True,930201,이용업,,이용업(남성 이발 등),남성 고객의 머리카락·수염을 정리·다듬는 전형적 이용업 활동으로 930201에 해당함.,OK,4,,,,
D0032,명확단일,생활서비스(미용·수리·세탁 등),"헤어 살롱(펌·염색·커트 전문, 프랜차이즈형 소규모 매장)",퍼스널 컬러·복합 시술 수요 증가로 전문 펌·염색 샵의 단골화가 용이. 시술 단가가 높아 매출성장 가능.,"펌·염색·컷·두피케어 등 서비스 제공, 제품(헤어케어) 소매, 예약제와 VIP 멤버십(정기염색 할인) 운영. 교육·스타일링 클래스로 부가수익 창출.",True,930203,두발 미용업,,두발 미용업,파마·염색·컷 등 고객의 머리를 아름답게 꾸미는 활동으로 930203(두발 미용업)에 해당함.,OK,5,,,,
D0033,명확단일,생활서비스(미용·수리·세탁 등),비의료적 피부미용실(페이셜·제모·속눈썹·관리패키지),비용 효율적인 피부관리·제모·속눈썹 연장 등 미용서비스에 대한 수요가 꾸준. 정기관리 고객 확보 시 안정적 매출 가능.,"비의료적 페이셜, 클렌징·마스크·각질관리, 왁싱·제모, 속눈썹 연장·리프트, 홈케어 제품 판매와 정기관리 멤버십 판매. 예약 중심 운영의 소형 매장.",True,930205,피부 미용업,,피부 미용업(비의료적 피부관리),기구·손을 이용한 피부관리·제모 등 비의료적 미용 서비스는 930205 피부 미용업에 해당함.,OK,1,,,,
D0034,명확단일,제조·가공,아크릴 기반 인조대리석 주방·욕실 상판 및 세면대 맞춤 제작,"소형 인테리어·리모델링 수요 증가로 맞춤형 무봉제 상판과 일체형 세면대, 소형 숙박업체·카페의 소량 주문을 받아 빠르게 대응할 수 있는 제조업체가 부족함.","천연광물 분말과 아크릴수지를 배합한 인조대리석 판재를 주조·절단·연마하여 맞춤형 주방 상판, 일체형 세면대, 창작 조형물 등을 제조해 B2B(인테리어 업체)와 B2C(직판·쇼룸)로 판매. 주문 제작, 설치 연계, 잔여조각 재활용으로 수익 창출.",True,269508,인조대리석 제품 제조업,,인조대리석 제품 제조에 해당: 아크릴수지와 광물질 배합·성형·가공으로 상판·세면대 제조,사업 내용이 인조대리석(아크릴·폴리에스테르 계열) 제품을 직접 배합·성형·가공해 상판·세면대를 제조·판매하는 활동으로 269508(인조대리석 제품 제조업)에 부합함.,OK,2,,,,
D0035,명확단일,제조·가공,의류용·산업용 부직포(필터·위생품) 소량 맞춤 생산,소규모 공방·중소 의료·미용업체는 특정 규격의 필터·패드·위생용 부직포를 소량으로 안정적으로 공급받기 어려움.,"멜트블로운·스팬본드 등 부직포 원단을 구매·가공해 마스크 보강층, 공기필터용 패드, 화장품용 탈지·팩 시트, 산업용 여과용 패널 등 고객 맞춤 규격의 부직포 및 펠트 제품을 제조해 OEM·도매·온라인 직판으로 판매.",False,172903,부직포 및 펠트 제조업,,부직포 및 펠트 제조에 해당: 섬유에 접착·침투·코팅 등으로 부직포 생산·가공,멜트블로운/스팬본드 등 부직포 제작과 이를 이용한 필터·시트 제품 제조 활동은 172903(부직포 및 펠트 제조업) 범주에 해당함.,OK,1,,,,
D0036,명확단일,제조·가공,소형 전력변환용 건식 변압기(제어·충전용) 제조,전기차 충전기·태양광 인버터·산업용 제어반에 들어가는 맞춤형 소용량 변압기 납기가 길고 MOQ가 높아 개발·설치 기업의 불편이 큼.,"권선·코어 설계부터 절연·조립·성능시험을 거쳐 제어반용, 충전기용, 계측용의 소형 변압기를 주문제작·소량생산하여 전력전자 제조사 및 공작기계 업체에 납품. 엔지니어링 서비스(맞춤 설계)로 추가 수익 확보.",False,311003,변압기 제조업,,변압기 제조업에 해당: 권선·코어 조립 등으로 교류 전압 변환 장치 제조,설계·권선·조립·시험을 통해 전압 변환 장치(변압기)를 제조·판매하는 활동으로 311003(변압기 제조업)에 직접 해당함.,OK,2,,,,
D0037,명확단일,제조·가공,LED 모듈·조명용 고출력 패키지(전광원) 제조,국내 소규모 조명 디자이너·수경재배 스타트업·스튜디오용으로 소량의 맞춤 LED 모듈(스펙·색온도 지정)이 필요하지만 공급처가 제한적임.,"반도체 소자 또는 LED 칩을 구입해 패키징, 기판 실장, 방열 설계, 테스트를 거쳐 고출력 LED 모듈·식물성장용 LED 램프·아트조명 모듈을 제조해 B2B·온라인 직판 및 OEM 공급.",False,321004,발광 다이오드 제조업,,발광다이오드(LED) 제조업에 해당: 반도체 소자를 이용한 LED 소자/모듈 제조,LED 칩을 실장·패키징해 광원 모듈을 제조·판매하는 활동은 321004(발광 다이오드 제조업)과 일치함.,OK,7,,,,
D0038,명확단일,제조·가공,혼합 허브·꽃잎·곡물 기반 건조차(티) 블렌드 제조,"건강·웰니스 트렌드로 소포장 프리미엄 티(율무차, 유자말린 차, 꽃잎 블렌드) 수요는 높지만 지역 농산물을 활용한 가공·브랜딩 업체가 적음.","율무·볶은 곡물, 유자 건조·분말, 꽃잎·허브를 혼합·배합·건조·패키징해 스틱형·티백형 건조차 제품을 제조·브랜딩하여 온라인·샘플링·로컬 마켓으로 판매(음료 완제품(액상)은 제외).",False,154905,차류 가공업,,차류 가공업: 곡물·유자·꽃잎 등으로 건조·혼합한 차(음료로 가공된 제품 제외) 제조,건조된 차(티) 원료를 가공·블렌딩·포장해 판매하는 활동은 154905(차류 가공업)에 해당함.,OK,16,,,,
D0039,명확단일,제조·가공,보로실리케이트 실험기구·소형 유리기판 제조,연구소·소규모 실험실에서 특수 규격의 내열·내화학성 유리 기구(플라스크·시약병·유리 튜브)를 신속하게 소량 주문할 수 있는 국내 공급이 드묾.,"유리 용융·성형·블로잉·절단·어닐링 공정을 통해 보로실리케이트 실험기구, 커스텀 유리 튜브, 광학용 소형 렌즈·유리 부품을 제조하여 학술기관·실험실·공방에 납품 및 온라인 주문 판매.",False,261006,"1차 유리제품, 유리섬유 및 광학용 유리 제조업",,1차 유리제품 및 광학용 유리 제조: 유리 용융·성형을 통한 실험기구·광학용 유리 생산,"원료 유리를 가열·성형해 실험용·광학용 유리제품을 제조하는 활동이 261006(1차 유리제품, 유리섬유 및 광학용 유리 제조업)에 해당함.",OK,5,,,,
D0040,명확단일,제조·가공,전기자전거·스쿠터용 튜브 및 소형 재생 타이어 제조,전동 모빌리티 확산으로 소형 전기자전거·킥보드에 맞는 내구성 높은 튜브·특수 사이즈 타이어의 안정적 공급과 재생타이어 수요가 증가하고 있음.,"고무 컴파운드 배합, 성형·가황 공정으로 전기자전거·스쿠터용 튜브 및 소형 타이어를 제조하고 유통사·모빌리티 공유업체에 도매 공급. 재생고무 사용 라인으로 원가 경쟁력 확보.",False,251102,고무 타이어 및 튜브 제조업,,고무 타이어 및 튜브 제조업: 차량(소형 이동수단 포함)용 타이어·튜브 제조,고무 혼합·형성·가황을 통해 튜브·타이어를 직접 제조·판매하는 활동은 251102(고무 타이어 및 튜브 제조업)에 해당함.,OK,1,,,,
D0041,명확단일,제조·가공,프리미엄 화장품·식품용 판지 상자(리테일 박스) 생산,중소 화장품·식품 브랜드는 소량의 고급 판지박스(특수코팅·형압·내부 칸막이 포함)를 합리적 가격으로 맞춤 제작하기 어려움.,"판지 원단을 절단·접합·코팅·형압하여 화장품 케이스, 선물용 리테일 박스, 내부 칸막이·삽입물을 포함한 판지 상자(골판지 제외)를 제조해 소규모 브랜드·디자인 스튜디오에 B2B 납품 및 온·오프라인 판매.",False,210201,판지 상자 및 용기 제조업,,판지 상자 및 용기 제조업: 판지로 포장용·디스플레이용 박스 및 칸막이 제조,판지 원단을 가공해 상품 포장 박스 및 삽입물을 제조·판매하는 활동은 210201(판지 상자 및 용기 제조업)에 부합함.,OK,1,,,,
D0042,명확단일,제조·가공,맞춤형 하이브리드 매트리스(포켓스프링+고밀도 폼) 생산,온라인 매트리스 브랜드의 성장으로 맞춤형 사이즈·경도 조절이 가능한 소규모 매트리스 제조업체에 대한 B2B 공급 수요가 늘고 있음.,"스프링 조립, 폼 커팅·적층, 봉제 커버 제작, 최종 조립을 통해 포켓스프링 결합형 매트리스 및 침대를 제조해 온라인 브랜드·호텔·리테일에 납품. 시연용 쇼룸 운영 및 설치·회수 서비스 제공.",True,361005,매트리스 및 침대 제조업,,매트리스 및 침대 제조업: 스프링·충전물 결합 매트리스와 침대를 제조,스프링 조립·충전재 삽입·커버 봉제 등으로 매트리스를 제조·판매하는 활동은 361005(매트리스 및 침대 제조업)에 해당함.,OK,1,,,,
D0043,명확단일,제조·가공,스테인리스 와이어 선반·바구니·케이블 타이 등 금속선 가공제품 제작,소매·식품·공장용으로 규격화된 와이어 선반과 바구니를 소량·맞춤 규격으로 제작해주는 공급처가 적음.,"구입한 철선·스테인리스선 절단·성형·용접·표면처리 과정을 통해 와이어 선반, 주방·창고용 바구니, 케이블 타이·홀더 등 금속선 기반 조립제품을 제조하여 유통업체·온라인 샵에 공급.",False,289901,금속선 가공제품 제조업,,금속선 가공제품 제조업: 철선 등 금속선을 가공·조립해 와이어 제품 제조,구입한 금속선을 절단·절곡·용접·조립해 와이어 선반·바구니 등 제품을 제조·공급하는 활동은 289901(금속선 가공제품 제조업)에 해당함.,OK,1,,,,
D0044,명확단일,제조·가공,건축·조경용 절단·성형 석재(타일·계단·외장재) 제조,리모델링·조경 시장에서 맞춤 규격의 천연 석재 벽돌·계단·외장 패널을 소량으로 빠르게 공급하는 지역 제조업체 수가 부족함.,"천연 석재 블록을 절단·연마·성형·천공해 건축용 외장패널, 조경용 석재 계단·보도블록, 기념비용 석제품 등을 제조하여 건설사·인테리어·조경업자에 납품 및 주문제작 판매.",False,269601,건설용 석제품 제조업,,건설용 석제품 제조업: 천연석 정밀 절단·성형으로 건설용 석제품 제조,천연 석재를 절단·성형·연마해 건축·조경용 석제품을 제조·판매하는 활동은 269601(건설용 석제품 제조업)에 정확히 해당함.,OK,1,,,,
D0045,명확단일,농업·스마트팜,수직형 수경재배 온실에서 유통사에 납품하는 적상추·샐러드용 잎채소 생산농장,"기후변동으로 노지 채소 공급 불안정, 유통업체는 연중 안정적인 신선 잎채소를 원함. 프리미엄·신선도 경쟁 구도 존재.","지열·LED 기반 수경 수직온실에 적상추·로메인·베이비리프를 연중 재배하고, 자동선별·세척·소포장 후 도매유통사와 식자재유통업체에 B2B로 납품한다.",False,011008,"채소, 화훼 및 과실작물 시설 재배업",,"시설(온실) 내에서 채소를 재배하는 활동에 해당—채소, 화훼 및 과실작물 시설 재배업.",사업은 온실·시설에서 잎채소를 재배하여 도매로 납품하므로 '채소·화훼 및 과실작물 시설 재배업(011008)'에 해당.,검색30위,30,,,,
D0046,명확단일,농업·스마트팜,노지에서 마늘(중만생종)을 재배해 지역마트·온라인으로 직거래하는 마늘농장,"마늘 가격 변동과 병해충으로 인한 수확 변동성, 지역 소비자는 믿을 수 있는 국산 마늘을 선호함.",노지 밭에서 작부체계와 종구 관리로 마늘을 재배·건조·선별해 지역마트와 온라인 사전예약·직거래로 판매한다.,False,011001,채소작물 재배업,,노지(밭)에서 재배하는 채소작물에 해당—채소작물 재배업.,마늘은 노지에서 재배되는 채소작물로 '채소작물 재배업(011001)'에 명확히 해당한다.,검색64위,64,,,,
D0047,명확단일,농업·스마트팜,온실 수경재배로 연중 생산하는 설향 딸기 농장(농장 직판 및 가공용 공급),"시즌 외 프리미엄 딸기 수요 증가, 소비자는 신선·무농약 제품을 선호하며 체험 소비(수확체험) 수요 존재.","온실 수경재배로 설향 딸기를 연중 생산하고 농장 직판장(픽유어)과 온라인, 가공(퓨레·냉동)용으로 납품한다.",True,011008,"채소, 화훼 및 과실작물 시설 재배업",,온실 등 시설 내에서 과실작물을 재배하는 활동—시설 재배(채소·화훼·과실 포함).,"딸기를 온실(시설)에서 재배하여 직판 및 가공용으로 공급하므로 '채소, 화훼 및 과실작물 시설 재배업(011008)'에 해당.",검색밖,,,,,
D0048,명확단일,농업·스마트팜,노지에서 절화(국화·카네이션)를 재배해 플로리스트와 도매시장에 공급하는 절화농장,"계절별·행사용 절화의 신선도 중요, 수입에 의존하면 신선도·유통비 문제 발생. 지역 공급망 강화 필요.",노지에서 시기별 꽃 작형을 조절해 국화·카네이션을 재배하고 절화 포장·냉장유통을 통해 플로리스트·도매시장에 공급한다.,False,011002,화훼작물 재배업,,노지 화훼작물 재배 활동—화초·절화·관상수 등 재배업.,절화(꽃)를 노지에서 재배·출하하므로 '화훼작물 재배업(011002)'에 해당한다.,OK,2,,,,
D0049,명확단일,농업·스마트팜,건강기능식품 원료용 약용작물(당귀·천궁 등) 노지 재배 및 건조 원료 공급업,"국산 약용작물의 안정적 원료 확보 수요 증가(건강기능식품·한약재), 전문적 재배기술과 건조시설이 필요함.",노지에서 당귀·천궁 등 약용작물을 재배·수확 후 건조·선별해 제약·한약재 도매상 및 가공업체에 원료로 공급한다.,False,011006,기타 작물 재배업,,노지에서 약용작물을 재배하는 활동으로 분류되는 기타 작물 재배업.,약용작물은 목록의 '기타 작물 재배업(011006)' 항목에 해당하므로 이 코드가 적합하다.,검색57위,57,,,,
D0050,명확단일,농업·스마트팜,통제된 환경의 버섯(표고·느타리) 시설재배 및 소포장해 마트에 공급하는 양식장,"버섯은 기후에 민감해 연중 안정생산을 위한 시설 필요, 신선 포장 수요 증가.",균배지 준비·환경제어가 가능한 시설에서 표고·느타리를 재배하고 선별·소포장해 대형마트·온라인에 납품한다.,False,011009,기타 시설작물 재배업,,채소·화훼·과실 외의 작물을 시설에서 재배하는 활동(예: 버섯 등).,버섯은 시설 재배 대상이지만 채소·화훼·과실에 해당하지 않아 '기타 시설작물 재배업(011009)'으로 분류된다.,OK,5,,,,
D0051,명확단일,농업·스마트팜,토끼 번식·사육장을 운영해 육용·페ット용 토끼를 공급하는 토끼 사육업,"지역 내 육용·애완용 토끼 공급처가 적고 전문 번식시설 요구 증가, HACCP·위생 관리로 안전한 거래 가능.",실내 케이지로 번식·육성하며 사양관리와 건강검진을 통해 생토끼 및 분양(페ット)·도축용 공급계약을 체결한다.,False,012103,"그 외 기타 축산업(사슴, 토끼)",,토끼 등 달리 분류되지 않은 육지동물을 번식·사육하는 축산업(사슴·토끼 등).,"토끼 번식·사육 활동은 후보 목록의 '그 외 기타 축산업(사슴, 토끼)(012103)'에 해당하므로 이 코드가 적합하다.",검색33위,33,,,,
D0052,명확단일,농업·스마트팜,농가와 계약해 축산분뇨를 수집·퇴비화·처리해 유기질비료로 판매하는 분뇨처리 사업,"가축분뇨 처리·유통 규제가 강화되고, 농가들은 분뇨 처리·퇴비화 서비스를 필요로 함. 자원화 수요 증가.",축산농가와 계약을 맺고 분뇨를 수집·운반해 처리시설에서 퇴비화·살균 후 유기질비료로 제조·판매하거나 농장 환원 서비스를 제공한다.,False,900203,축산 분뇨 처리업,,축산 분뇨의 수집·운반·보관·처분(퇴비화·처리) 서비스를 제공하는 업종.,사업 내용이 축산분뇨의 수집·처리·퇴비화에 집중되어 있어 '축산 분뇨 처리업(900203)'에 해당한다.,OK,1,,,,
D0053,명확단일,농업·스마트팜,소형 스마트팜용 자동 환경제어기·관개 로봇을 개발·제조해 농가에 판매하는 제조업,소규모 스마트팜은 고가 장비 부담으로 자동화 보급이 더딤. 저비용·모듈형 기기가 필요한 시장 기회 존재.,온실·수경재배용 온·습도·CO2 제어기와 관개·수확 보조 로봇을 설계·시제품 제작·안전성 인증 후 농기계 유통망과 직접 납품한다.,False,292100,농업 및 임업용 기계 제조업,,농업용 기계·장비(재배·수확·관리용)를 제조하는 활동—농업 및 임업용 기계 제조업.,"제품은 농업 생산 과정에서 사용하는 기계·장비(환경제어기, 관개로봇)이므로 '농업 및 임업용 기계 제조업(292100)'에 해당한다.",검색61위,61,,,,
D0054,명확단일,농업·스마트팜,지역산 배추·무·당근을 대량으로 매입해 대형마트·식자재유통사에 공급하는 채소 도매업,소규모 생산자는 유통망 접근성이 낮아 도매상이 안정적 수요처를 제공하면 생산자가 유리. 대형 유통사는 안정적 대량공급을 원함.,지역 농가에서 대량으로 채소를 매입·선별·저장(저온)한 뒤 포장·트럭배송으로 대형마트·식자재 유통사에 도매 공급한다.,False,512212,"채소류, 서류 및 향신작물류 도매업",,채소류·서류·향신작물 등의 도매 활동에 해당—채소류 도매업.,"사업은 채소를 대량 매입해 도매로 판매하는 활동으로 '채소류, 서류 및 향신작물류 도매업(512212)'에 정확히 부합한다.",OK,4,,,,
D0055,명확단일,농업·스마트팜,농장 직영 농산물 직판장(로컬푸드 매장)에서 계절 채소·과일을 소매 판매하는 소매점,소비자들은 지역산 신선농산물을 선호하고 유통단계를 줄인 직거래 매장을 찾음. 농가는 판로 다변화 필요.,"농장에서 수확한 제철 채소·과일을 직판장에 진열·소매 판매하고, 소분·포장 및 소매용 유통(매장·배달)을 운영한다.",True,522040,"채소, 과실 및 뿌리작물 소매업",,"채소·과실·뿌리작물 등을 소매로 판매하는 활동—채소, 과실 및 뿌리작물 소매업.","직판장에서 소비자에게 농산물을 소매 판매하는 활동은 '채소, 과실 및 뿌리작물 소매업(522040)'에 해당한다.",OK,8,,,,
D0056,명확단일,앱·플랫폼·소프트웨어,음식점 전용 모바일 주문·예약 앱을 맞춤 개발하여 납품하는 프리랜서,"지역 소규모 음식점들은 기존 포스와 연동되는 간단한 모바일 주문·예약 솔루션이 없어서 전화 주문과 수기 예약에 의존, 주문/좌석 관리에 비효율과 주문 누락이 빈발함. 저비용 맞춤화 수요 존재.","음식점 맞춤형 Android/iOS 앱과 관리자 웹 대시보드를 직접 설계·개발해 납품. 초기 개발비용 + 월 유지보수(호스팅, 업데이트) 정기 과금 모델. 소규모 식당 1:1 계약 형태로 프로젝트 수행.",False,940926,소프트웨어 프리랜서,940926,소프트웨어 개발을 프리랜서 형태로 제공하는 사업,단건 프로젝트로 고객을 위해 직접 모바일/웹 애플리케이션을 개발·공급하는 개인 소프트웨어 개발자 활동으로 '소프트웨어 프리랜서(940926)'가 가장 적합함.,검색밖,,,,,
D0057,명확단일,앱·플랫폼·소프트웨어,프리랜서·1인 창업자용 클라우드 기반 간편 세금·청구서 SaaS,"프리랜서·소규모 사업자는 복잡한 회계 소프트웨어에 부담을 느끼고, 간단한 청구서 발행·수익/지출 관리·세금 신고 보조 기능을 저비용으로 원하는 수요가 큼.","웹 기반 응용 소프트웨어(구독형 SaaS)로 청구서 템플릿, 은행 연동 자동 분개, 간이세금 리포트 기능을 개발·운영하여 월 구독료 및 고급 기능 유료 업그레이드로 수익 창출.",False,722000,응용 소프트웨어 개발 및 공급업,722000,특정 업무(청구·회계)를 자동화하는 응용 소프트웨어 개발·공급,기업·개인을 대상으로 업무처리를 자동화하는 기능성 응용 소프트웨어를 개발·공급하는 활동으로 '응용 소프트웨어 개발 및 공급업(722000)'에 해당함.,OK,2,,,,
D0058,명확단일,앱·플랫폼·소프트웨어,모바일 수집형 캐주얼 게임을 개발하여 인앱결제와 광고로 수익화하는 게임 스튜디오,"짧은 플레이 세션과 가벼운 과금 모델을 선호하는 모바일 이용자가 많아, 소규모 팀이 개발한 튼튼한 캐주얼 게임으로 글로벌 유저를 확보하면 인앱 구매·광고 수익으로 수익화 가능.","iOS·Android용 모바일 게임 앱을 자체 개발하여 앱스토어에 유료 아이템(가상화폐, 스킨)과 광고를 통해 수익화. 게임 기획·아트·서버통합까지 자체 개발·배포.",False,722002,모바일 게임 소프트웨어 개발 및 공급업,722002,모바일 플랫폼용 게임 소프트웨어를 개발·공급,휴대전화 등 이동성 기기에 제공되는 게임 소프트웨어를 개발·공급하는 활동으로 '모바일 게임 소프트웨어 개발 및 공급업(722002)'이 적합함.,OK,1,,,,
D0059,명확단일,앱·플랫폼·소프트웨어,중소기업용 윈도우 데스크톱 백업·보안 유틸리티 패키지 판매,"중소기업은 백업·암호화·파일 복구 기능을 통합한 저비용 오프라인 설치형 유틸리티 소프트웨어를 선호하며, 라이선스 기반으로 다수 배포 가능.","데스크톱(Windows)용 설치형 백업·암호화 유틸리티를 개발하여 웹사이트와 파트너 유통망을 통해 라이선스 판매(단일 라이선스 및 볼륨 라이선스), 정기 업데이트 유료 지원 제공.",False,722000,응용 소프트웨어 개발 및 공급업,722000,데스크톱용 기능성 응용 소프트웨어 개발·판매,특정 업무(백업·보안)를 처리하는 응용 소프트웨어를 개발해 판매하는 활동으로 '응용 소프트웨어 개발 및 공급업(722000)'에 해당함.,OK,2,,,,
D0060,명확단일,앱·플랫폼·소프트웨어,중견기업 대상 클라우드 ERP 구성 및 커스터마이징 소프트웨어 개발,"중견기업들은 표준 ERP로는 부족한 제조·재고 관리 프로세스가 있어, 클라우드 기반 ERP의 모듈 커스터마이징과 통합 서비스를 찾음.","자체 개발한 ERP 응용 소프트웨어(생산·재고·회계 모듈)를 클라우드로 공급하고, 고객별 커스터마이징과 연동 컨설팅을 유상으로 제공. 초기 라이선스+구축비+연간 유지보수 과금 모델.",False,722000,응용 소프트웨어 개발 및 공급업,722000,기업용 업무처리 응용 소프트웨어 개발·공급 및 커스터마이징,기업 업무 처리를 위한 응용 소프트웨어를 개발·공급하고 유지보수를 제공하는 활동으로 '응용 소프트웨어 개발 및 공급업(722000)'이 적절함.,OK,7,,,,
D0061,명확단일,앱·플랫폼·소프트웨어,블록체인 기반 디지털 아트(캐릭터) NFT 마켓플레이스 운영 플랫폼,"디지털 아티스트는 저작권 관리 및 2차 거래 수익 배분을 자동화할 마켓이 필요하고, 구매자는 안전한 거래·에스크로 기능을 원함.","사용자가 디지털 아트를 NFT로 발행(민팅)하고 매매할 수 있는 웹·스마트컨트랙트 기반 플랫폼을 개발·운영. 거래 수수료(매매 시 %) 및 민팅 수수료로 수익 창출. 지갑 연동, 보관 서비스 제공.",False,724002,가상자산 매매 및 중개업,724002,가상자산(디지털자산) 매매 및 중개 플랫폼 운영,플랫폼이 NFT(블록체인 기반 가상자산)의 발행·매매를 중개하고 거래 보관·관리 서비스를 제공하므로 '가상자산 매매 및 중개업(724002)'이 맞음.,OK,1,,,,
D0062,명확단일,앱·플랫폼·소프트웨어,지역 특화 채용·구인구직 포털(프리랜서 매칭 기능 포함),"특정 지역(예: 부산) 연고의 구직자·구인업체는 대형 포털의 전국 단위 서비스보다 지역 특화 일자리 정보를 원하며, 프리랜서 단기 채용 수요도 증가 중.","지역 기업과 구직자를 연결하는 웹·모바일 포털 서비스를 제공하고, 프리미엄 공고·배너광고·이력서 열람 유료 상품으로 수익화. 사용자 커뮤니티와 뉴스레터 운영으로 트래픽 확보.",False,642004,포털 및 기타 인터넷 정보 매개 서비스업,642004,인터넷 포털 형태의 정보 매개 및 커뮤니티 서비스,검색·정보 제공·커뮤니티 기능을 통해 이용자에게 지역 일자리 정보를 매개하고 광고·유료상품을 파는 포털 서비스로 '포털 및 기타 인터넷 정보 매개 서비스업(642004)'이 적합함.,OK,1,,,,
D0063,명확단일,앱·플랫폼·소프트웨어,핸드메이드 공예품 C2C 전자상거래 플랫폼(판매자 수수료 기반),"개별 공예작가는 자체 쇼핑몰 구축 비용 부담이 크고, 온라인 노출이 어려워 중앙화된 마켓플레이스에서 저비용으로 판매하고 싶어함.",셀러(작가) 계정을 받아 상품 페이지를 제공하고 결제·배송 연동을 통해 일반 소비자 대상의 온라인 소매 거래를 중개. 판매가의 일정 비율을 수수료로 취득하며 프리미엄 노출 유료 옵션 제공.,False,525103,전자상거래 소매 중개업,525103,SNS/플랫폼을 통한 일반 소비자 대상 전자상거래 중개,플랫폼이 판매자와 일반 소비자를 연결해 온라인 소매 거래를 중개하는 형태로 '전자상거래 소매 중개업(525103)'에 해당함.,OK,2,,,,
D0064,명확단일,앱·플랫폼·소프트웨어,도심 상권의 오프라인 소프트웨어·PC 주변기기 소매점 (라이선스·패키지 판매),"고령층 소상공인과 일부 기업고객은 온라인 구매에 익숙치 않아 오프라인 매장에서 소프트웨어 패키지(안티바이러스, 오피스 등)와 주변기기 구입·설치를 원함.","오프라인 매장을 통해 범용 소프트웨어 패키지(오피스, 안티바이러스 등)와 주변기기(프린터, 외장하드)를 직접 판매하고 설치·설정 서비스를 추가 유료 제공. 매장 기반 소매 영업.",True,523531,"컴퓨터 및 주변장치, 소프트웨어 소매업",523531,범용 소프트웨어 및 주변기기 소매업(오프라인 매장 포함),"매장을 통해 일반 소비자에게 범용 소프트웨어와 주변기기를 소매로 판매하는 활동으로 '컴퓨터 및 주변장치, 소프트웨어 소매업(523531)'이 적절함.",OK,1,,,,
D0065,명확단일,앱·플랫폼·소프트웨어,중소 리셀러 대상 소프트웨어 라이선스 대량 도매 유통,소프트웨어 개발사와 최종 판매처(중소 리셀러) 사이에 라이선스 대량 구매·할인 판매를 전문으로 하는 유통 채널 수요가 있음.,해외·국내 소프트웨어 개발사로부터 정식 라이선스(볼륨 라이선스)를 도매로 매입하여 지역 리셀러·기업에 대량 납품. 인보이스·계약 기반 B2B 판매로 수익 확보.,False,515050,"컴퓨터 및 주변장치, 소프트웨어 도매업",515050,소프트웨어 및 관련 장비를 도매로 유통하는 활동,"다양한 소프트웨어 제품을 도매로 구매하여 리셀러나 기업에 공급하는 도매업 활동으로 '컴퓨터 및 주변장치, 소프트웨어 도매업(515050)'이 맞음.",OK,1,,,,
D0066,명확단일,앱·플랫폼·소프트웨어,서버 운영·네트워크용 시스템 소프트웨어(미들웨어/관리툴) 개발 회사,호스팅·클라우드 사업자는 서버 모니터링·자동화·컨테이너 오케스트레이션을 통합한 경량 시스템 소프트웨어(미들웨어)를 원함. 상용화 가능성 높음.,"서버·네트워크 환경에서 동작하는 시스템 소프트웨어(에이전트, 미들웨어, 서버관리 데몬)를 개발하여 라이브러리·설치 패키지 형태로 기업 고객에 공급하고, 설치·지원 계약으로 수익화.",False,722004,시스템 소프트웨어 개발 및 공급업,722004,하드웨어/서버에서 동작하는 시스템 소프트웨어 개발·공급,하드웨어나 서버 등의 환경에서 동작하는 시스템 소프트웨어(운영·관리 소프트웨어)를 개발해 공급하는 활동으로 '시스템 소프트웨어 개발 및 공급업(722004)'에 해당함.,OK,1,,,,
D0067,명확단일,교육·콘텐츠,초등 교과 연계 수준별 수학 워크북 시리즈 출판,초등 교과 과정은 학년별로 표준화되어 있으나 수준별(기초·중간·심화) 연습문제와 교사용 해설지를 함께 제공하는 출판물이 부족해 학부모와 학교의 보충학습 수요가 높음.,"학년별·단원별 수준 구분 워크북(인쇄본)과 교사용 해설서, PDF 다운로드 및 정기 구독형 문제은행을 기획·편집·인쇄·출판하여 온라인 직판과 학교·인쇄물 유통망을 통해 판매. 교사용 판촉 패키지 및 학교 대량구매 계약으로 수익화.",False,221103,교과서 및 학습 서적 출판업,,교과 관련 학습지·참고서 등 출판에 해당,초·중·고 교과 관련 학습지·참고서를 기획·출판하여 판매하므로 '교과서 및 학습 서적 출판업(221103)'에 해당.,OK,3,,,,
D0068,명확단일,교육·콘텐츠,지역 기행·관광 에세이 및 지역문화 단행본 출판,지방 소규모 작가와 지역문화 기록물을 전문적으로 발굴·출간하는 출판사가 적어 지역 관련 인쇄물 수요가 존재함.,"지역 작가의 기행문, 역사 에세이, 지역문화 조사 리포트 등을 편집하여 단행본(종이책, 전자책)으로 제작·인쇄·유통. 온라인 서점과 독립서점, 지역 관광지와 연계한 판매로 수익 창출.",False,221100,일반 서적 출판업,,일반 서적(교재·학습서 제외) 출판업,서적 성격의 다양한 단행본을 기획·출판하므로 '일반 서적 출판업(221100)'이 적절.,OK,14,,,,
D0069,명확단일,교육·콘텐츠,인디 뮤지션 음원·앨범 기획·제작·출판 레이블,"독립 음악가들이 디지털·물리 음반 유통, 저작권 관리, 음원 출판 서비스를 필요로 함. 로컬 광고·드라마 삽입 등 라이선스 수요도 존재.","녹음·마스터링·저작권 등록을 포함한 음원 제작 서비스 제공 후 음원·앨범을 레이블 명의로 직접 출판(스트리밍, 다운로드, CD/LP 유통), 방송·광고·게임용 라이선스 판매로 수익화.",False,221300,음악 및 기타 오디오물 출판업,,음악 및 오디오 기록물의 기획·제작·출판,음원을 기획·제작하여 직접 출판·유통하고 라이선스하는 활동은 '음악 및 기타 오디오물 출판업(221300)'에 해당.,OK,1,,,,
D0070,명확단일,교육·콘텐츠,웹툰 연재작 모음 단행본·작품집 출판,"웹툰 플랫폼에서 인기 있는 연재작을 오프라인 단행본으로도 소장하려는 독자 수요가 있으며, 일부 작가는 단행본 출간 채널이 필요함.",웹툰 원고를 편집·재구성해 단행본(종이책)과 전자책으로 제작·출판하고 굿즈와 번들 패키지로 판매. 온·오프라인 서점 및 웹툰 플랫폼과의 제휴 판매를 통해 수익화.,False,221104,만화 출판업,,만화 단행본 출판,만화를 전문적으로 출판하여 단행본을 판매하므로 '만화 출판업(221104)'이 타당.,OK,1,,,,
D0071,명확단일,교육·콘텐츠,맞춤 캘린더·엽서·포토북 등 디자인 인쇄물 출판사,"기업·브랜드와 개인이 이벤트용·판촉용으로 소량 맞춤 인쇄물(캘린더, 엽서, 포토북 등)을 대량으로 지속 발주하나 디자인·출판업체가 전문적으로 기획·발행해주길 원함.","캘린더, 판촉용 포토북, 아트 포스터, 엽서 세트 같은 기타 인쇄물 기획·디자인·인쇄하여 정기 카탈로그로 발행하고 기업 판촉 패키지로 납품 및 소비자 직판으로 판매.",False,221900,기타 인쇄물 출판업,,사진·엽서·캘린더 등 기타 인쇄물 출판,"사진집, 캘린더, 엽서 등 출판물 성격의 인쇄물을 발행·판매하므로 '기타 인쇄물 출판업(221900)'에 해당.",OK,10,,,,
D0072,명확단일,교육·콘텐츠,직장인 대상 실무형 SQL·데이터분석 온라인 강의 플랫폼,현업에서 바로 활용 가능한 실습 중심 데이터 역량을 온라인으로 단기·집중 학습하려는 직장인 수요가 지속적으로 증가함.,"동영상 강의, 실습용 가상환경, 주간 라이브 세션과 과제 채점 시스템을 포함한 강의 콘텐츠를 자체 제작·플랫폼에서 제공하고, 구독·코스별 유료 판매와 기업 단체 라이선스 판매로 수익화.",False,809016,온라인 교육학원,,온라인 강의 내용물을 제작·보유하고 인터넷으로 교육하는 학원형 서비스,강의 콘텐츠를 제작·보유하여 통신·인터넷으로 교육을 제공하므로 '온라인 교육학원(809016)'이 적절.,OK,2,,,,
D0073,명확단일,교육·콘텐츠,청소년 대상 파이썬·인공지능 실습형 오프라인 학원,"중고등학생의 AI·코딩 관심은 높지만 실습 시설(PC, 서버)과 과정을 갖춘 지역 오프라인 학원이 드물어 실습 중심 교육 수요가 존재함.","교실형 실습실을 갖춘 학원에서 소규모 실습 위주 파이썬, 머신러닝 프로젝트 반을 운영하고 학원 수강료(월정액·단기캠프)로 수익을 얻음. 방학 특강과 대회 대비반도 운영.",True,809013,컴퓨터 학원,,컴퓨터 프로그래밍·운영 등 컴퓨터 교육을 수행하는 학원,"오프라인 실습형 컴퓨터 교육(프로그래밍, AI)을 제공하는 학원으로 '컴퓨터 학원(809013)'에 해당.",OK,1,,,,
D0074,명확단일,교육·콘텐츠,외국인 대상 한국어 회화·TOPIK 대비 학원,"유학·취업·비자 사유로 한국어 실력 향상을 원하는 외국인 학습자가 꾸준히 있으며, 맞춤형 회화·시험 대비반 수요가 높음.","오프라인 강의(소그룹 회화)와 시험 대비(모의고사, 첨삭) 과정을 운영하고, 장기과정·단기집중과정을 수강료 기반으로 판매. 온라인 보충 수업도 병행하나 학원 중심 서비스.",True,809017,외국어학원,,외국어(한국어 포함) 교육을 제공하는 학원,외국어 회화 및 시험 대비 교육을 제공하므로 '외국어학원(809017)'에 해당.,OK,2,,,,
D0075,명확단일,교육·콘텐츠,지역 소규모 피아노·바이올린 개인 레슨 학원,아동·청소년을 대상으로 한 1:1 악기 개인 레슨 수요는 지역 커뮤니티에서 꾸준하나 전문 교습 기관이 제한적임.,"개인·소그룹 레슨(피아노, 바이올린)과 연주회·학원 내부 평가 시스템을 운영하여 수강료로 수익을 창출. 악기 대여·수업용 악보 판매 등 부가 서비스 제공.",True,809009,음악학원,,음악(피아노·현악 등) 교육을 하는 학원,피아노·바이올린 등 음악 실기와 이론을 교습하는 활동은 '음악학원(809009)'에 해당.,OK,10,,,,
D0076,명확단일,교육·콘텐츠,영유아 발달 놀이법 1인 유튜브 채널 운영,"맞벌이 가정과 젊은 부모층에서 집에서 할 수 있는 발달 놀이법과 짧은 교육 콘텐츠 수요가 높고, 신뢰도 있는 육아 콘텐츠 크리에이터에 대한 수요가 있음.","교육적 놀이 영상(10–15분), 월간 유료 멤버십(추가 PDF·활동지 제공), 협찬·광고·브랜드 제휴를 통한 수익화. 개인 채널로 콘텐츠를 직접 기획·촬영·편집하여 업로드.",False,940306,1인미디어콘텐츠창작자,,1인 미디어 콘텐츠 창작자로서 영상 콘텐츠 제작·유통,개인이 기획·제작한 미디어 콘텐츠를 유튜브 등에서 창작·유통하며 수익을 얻으므로 '1인미디어콘텐츠창작자(940306)'에 해당.,OK,1,,,,
D0077,명확단일,교육·콘텐츠,학교·에듀테크 기업 대상 교육용 애니메이션·숏폼 영상 제작 스튜디오,"학교와 교육기업은 수업용·마케팅용 맞춤형 교육 영상(애니메이션, 인터랙티브 숏폼)을 외주로 제작하길 원하나 전문 제작사가 제한적임.","교수설계팀과 애니메이션 제작팀을 갖추고, 교육과정에 맞춘 2–5분 학습용 애니메이션 및 숏폼 콘텐츠를 주문형으로 제작해 제작비·라이선스 수익을 얻음. 완성물은 고객에게 납품 및 별도 LMS 연동 서비스 제공.",False,921505,미디어콘텐츠창작업,,미디어 콘텐츠(교육용 영상) 창작 및 제작 서비스,교육용 영상물을 기획·제작하여 기업·학교에 납품하는 제작업으로 '미디어콘텐츠창작업(921505)'이 적절.,OK,2,,,,
D0078,유사경계,카페·음식점,스페셜티 원두 소량 로스팅 스튜디오 겸 카페,"지역 카페·개인 소비자들이 신선한 소량 로스팅 싱글오리진 원두를 원하지만 대형 로스터에서 소량 주문을 받기 어렵고, 로스팅 품질·원두 이력에 민감함.","자가 소형 로스터로 1~5kg 단위 소량 로스팅하여 포장한 원두를 온라인과 매장(테이스팅 바)에서 판매하고, 지역 카페에 소량 도매(주간 공급)로 납품. 매장에서는 에스프레소·핸드드립을 제공해 브랜드 노출을 확대.",True,154901,커피 가공업,552303,주된 수익이 포장·가공된 원두 판매(포장제품 생산 및 도매)라면 '커피 가공업(154901)'이 원칙적 분류. 매장 제공은 부수적.,원두를 직접 볶아 포장·판매하고 도매 납품이 주요 매출원이라 제조업(커피 가공업)이 적절. 다만 매장(테이스팅·음료 제공) 비중이 크면 커피전문점(552303)으로 보일 수 있어 유사경계가 발생.,검색밖,,,,,
D0079,유사경계,카페·음식점,착즙·콜드프레스 주스 제조 및 정기배송 서비스,"건강 지향 소비자들이 보존제가 없는 콜드프레스 주스를 원하지만, 소포장·정기배송을 안정적으로 제공하는 지역 제조 기반이 부족함.",소규모 HACCP 시설에서 과일을 착즙·저온살균해 PET/유리병에 포장하여 정기구독(주간·월간)으로 배송. 소량은 직영 픽업창구와 온라인몰에서 판매.,False,155401,기타 비알코올 음료 제조업,522093,병입·포장하여 유통·정기배송하는 경우 '기타 비알코올 음료 제조업(155401)'으로 분류. 단 매장 판매 비중이 높으면 음료 소매(522093)로 해석 가능.,원료를 가공해 병입·판매하고 정기배송·유통을 하는 점에서 제조업적 성격이 강함. 다만 소비자 대상 즉석 제조·판매(즉석 음료 제공)가 주력이라면 소매업 코드가 더 적합할 수 있음.,검색밖,,,,,
D0080,유사경계,카페·음식점,옥상에서 허브·차류를 재배해 직접 음료에 활용하고 소형화분을 함께 파는 카페,"도심 소비자들이 '직접 기른 허브'로 만든 신선한 허브티·음료를 원하고, 체험형 구매(화분 구매)를 선호함.","카페에서 제공하는 음료(허브차, 허브라떼 등)에 옥상에서 재배한 바질·레몬밤·애플민트를 사용하고, 소량의 화분(재배용 묘목)을 매장에서 함께 판매. 주된 매출은 음료·테이블 서비스.",True,552303,커피 전문점,011005,매장 방문객에게 음료 제공이 주된 활동이면 '커피전문점(552303)'. 허브 재배는 부수적 영업활동(011005).,"옥상 재배는 부가 활동으로, 주요 활동이 접객시설에서 음료 제공이라 커피전문점으로 분류된다. 반대로 재배·화분 판매가 주수입원이라면 작물 재배업(011005)으로 판단될 여지가 있음.",OK,4,,,,
D0081,유사경계,카페·음식점,이동형 스페셜티 커피 카트(푸드트럭 유사) — 이벤트·사무실 정기 출점,행사·사무실 단체에서 빠르고 품질 좋은 에스프레소·핸드드립을 원하는데 상시 고정 매장이 없는 수요가 많음.,"이동식 카트를 이용해 현장에서 직접 원두를 추출해 판매하고, 브랜드 원두 소포장(100g)도 현장 판매 및 온라인으로 병행. 정기 출점 계약으로 B2B 이벤트 서비스를 제공.",False,552308,이동 음식점업,552303,이동형으로 현장에서 즉석 조리·판매하는 경우 '이동 음식점업(552308)'. 브랜드 음료 전문점 성격도 있으므로 커피전문점이 보조 후보.,고정된 접객시설이 없고 이동식으로 판매하므로 이동 음식점업 코드가 우선. 다만 제품·서비스가 커피전문점과 동일하므로 행정상 또는 세무상 혼동 가능.,OK,4,,,,
D0082,유사경계,카페·음식점,테이블 좌석이 있는 소규모 제빵·샌드위치 카페(직접 제빵),동네 상권에서 매일 갓 구운 빵과 함께 고품질 커피를 함께 소비하려는 고객이 많아 베이커리와 카페를 결합한 형태가 유망함.,"매장 내에 제빵 설비를 두고 빵·케이크를 직접 굽고, 그 빵으로 만든 샌드위치와 에스프레소 기반 음료를 제공. 구운 빵의 테이크아웃 판매 비중이 크고 좌석·테이블을 제공.",True,552301,제과점업,552303,직접 제빵 생산 및 소매(즉석제조 판매)가 주된 경우 '제과점업(552301)'. 커피 제공이 주가 되면 커피전문점으로 분류될 수 있음.,직접 구운 빵의 판매가 주요 활동이면 제과점업으로 분류. 그러나 좌석을 갖춘 카페 형식으로 음료 매출이 더 크면 커피전문점(552303)으로 해석될 여지가 있어 경계가 있음.,OK,12,,,,
D0083,유사경계,카페·음식점,공방형 콤부차·수제 탄산음료 생산자 겸 소형 테이스팅룸,"수제 발효 음료(콤부차·저당 탄산음료)를 찾는 소비자는 늘지만, 대량 생산 설비가 아닌 소규모 병입 생산을 원하는 소비자도 존재함.","작은 발효 탱크로 콤부차를 제조해 병입·라벨링하고, 매장 내 테이스팅 바에서 시음·판매와 소매 포장 판매를 병행. 일부는 로컬 카페에 도매 공급.",True,155402,기타 비알코올 음료 제조업,552307,발효·병입하여 제품화하는 경우 '기타 비알코올 음료 제조업(155402)'. 테이스팅룸은 부수적 소매점 활동(비알코올 음료점)으로 보일 수 있음.,원료를 발효·병입하여 상품을 생산·유통하는 점에서 제조업 성격이 주요하다. 다만 소비자 대상 즉석 제공(시음·테이스팅) 비중이 크면 비알코올 음료점(552307)으로 혼동될 수 있음.,OK,12,,,,
D0084,유사경계,카페·음식점,무인(배달전용) 콜드브루 제조·포장·온라인 구독·유통 서비스,"사무실·개인 소비자들이 편하게 고농축 콜드브루를 정기구독으로 배송받고 싶어하지만, 동네 카페에서는 대량 공급과 정기배송이 어렵다.","소규모 공장에서 원두 추출 후 필터링·병입해 라벨링하고, 온라인 구독으로 정기 배송 및 편의점·리테일 유통에 납품. 고객 문의는 온라인으로 처리하고 점포는 없음.",False,155401,기타 비알코올 음료 제조업,522093,병입·유통·납품이 주된 활동이라 '기타 비알코올 음료 제조업(155401)'이 적합. 소비자 직접 소매(무인판매기 등)가 주라면 음료 소매 코드 고려.,제품을 공정(추출·병입)해 유통·구독으로 판매하는 제조업적 성격이 강하다. 반면 점포 없이 소비자 대상 소매(배달·무인판매)에만 집중하면 음료 소매업(522093 계열) 판단 근거가 될 수 있어 경계가 남음.,검색밖,,,,,
D0085,유사경계,소매(오프라인·온라인),Q1: 맞춤 목재 창호(창틀) 제작·판매 및 현장 설치 서비스,"노후 건물의 창호 교체 수요가 늘고 있으나 지역 내에서 맞춤형 창호를 직접 구매·설치할 수 있는 소매 채널이 적고, 소비자는 창호 재질·단열 성능을 비교하기 어려움.","매장 뒤편의 소형 작업장에서 주문에 따라 목재 창호(창틀·창문틀)를 제작하고, 매장에서 일반 소비자에게 창호 제품(단창·복층유리 포함), 실링·페인트, 창호용 부속(레일·손잡이 등)을 소매로 판매한다. 추가로 현장 측정·설치 서비스를 유상 제공하여 설치까지 원스톱으로 처리한다.",True,523491,"페인트, 창호 및 기타 건설자재 소매업",523331,건설자재(창호)를 일반 소비자에게 소매·설치하는 경우 건설자재 소매업(523491)으로 분류되는 것이 적절. 목재 제작 비중이 높아 가구업(523331)으로 오분류될 수 있음.,업무가 제조(제작)와 소매(매장 판매·설치)를 동시에 포함한다. 핵심은 주로 누구에게 어떤 품목을 판매하느냐임: 일반 소비자 대상 창호·건설자재를 전문 소매하면 523491. 만약 제품군이 의자·장식장 같은 가구 중심으로 판매·제작된다면 523331(가구 소매)이 더 적절해 보인다.,OK,4,,,,
D0086,유사경계,소매(오프라인·온라인),Q1: 중고·리퍼 스마트폰 온라인 판매 및 OS 재설치·보증 서비스,"신규 스마트폰 가격 부담으로 중고·리퍼 수요가 증가하나, 소비자는 성능·안전성(악성코드 등)을 우려함. 온라인으로 합리적 가격에 보증을 제공하면 시장 확보 가능.","중고폰을 매입해 화면·배터리·카메라를 교체·정비(부품 교환), 운영체제를 클린 설치한 뒤 온라인 쇼핑몰과 마켓플레이스에서 소비자에게 판매한다. 6개월 보증과 유상 A/S, 액세서리(케이스·충전기)도 병행 판매.",False,523390,가전제품 소매업,523954,가정용 전기·전자기기(스마트폰 포함)를 소비자에게 소매하면 가전제품 소매업(523390). 단순 중고수집·판매 등 기타 전문 소매(523954)로 오인될 수 있음.,핵심은 최종 판매 품목이 가전(휴대폰)이며 소비자 대상 소매인 점. 리퍼·정비 행위가 포함되어도 주된 활동이 전자기기 소매이면 523390. 반면 '중고품 수집·단순 판매'에 초점이면 기타 전문 소매 코드가 논리적으로 보인다.,검색44위,44,,,,
D0087,유사경계,소매(오프라인·온라인),Q1: 수입 가죽가방 전문 소매점(수선·부분 맞춤 서비스 포함),프리미엄 수입 가방을 원하는 소비자는 많지만 정품 취급·수선 서비스를 제공하는 전문 매장이 적음. 수선·클리닝을 결합하면 충성 고객 확보 가능.,"유명 브랜드(또는 수입 수제) 가죽가방을 수입하여 오프라인 매장에서 소매하고, 가방 스트랩 교체·지퍼 수리·가죽 클리닝 같은 경미한 수선 및 맞춤 악세서리(내부 파티션 등)를 유상으로 제공한다.",True,523993,가방 및 기타 가죽제품 소매업,523954,가방 및 기타 가죽제품을 전문 소매하면 523993. 수선·수리 서비스를 병행하는 경우에도 주업이 소매라면 이 코드가 맞음.,판매 품목이 '가방'으로 명확하므로 가방 소매업(523993)이 적절하다. 다만 소수의 수선·제작(공방) 비중이 크거나 자체 제작 비중이 커지면 '기타 상품 전문 소매' 또는 제조 업종으로 재분류될 여지가 있어 혼동될 수 있다.,OK,2,,,,
D0088,유사경계,소매(오프라인·온라인),Q1: 재생 금속 수집·선별 후 아트 가구·소품 제작 및 직판(온라인 병행),"산업 폐기물·스크랩을 활용한 업사이클 제품 수요 증가와 함께, 재생자재의 판매 채널(원자재·가공품 모두)에 접근할 수 있음.","건설현장·공장 등에서 재생 가능한 금속 스크랩을 수집·선별해 재생 자재로 판매(플랜트·재활용업체 대상)로 안정적 수익을 확보하고, 선별된 자재 일부는 스튜디오에서 가공해 아트 가구·인테리어 소품으로 제작·직판(온라인 마켓, 팝업스토어)한다.",False,514971,재생용 재료 수집 및 판매업,523311,수집·판매(재생용 재료)가 주된 활동이라면 재생용 재료 수집 및 판매업(514971). 가공비중이 주가 되어 가구 소매가 핵심이면 523311로 보일 수 있음.,사업이 스크랩(재생자재) 수집·판매를 기반으로 하면서 부수적으로 가공·판매를 병행하면 '재생용 재료 수집 및 판매업'으로 분류된다. 반면 가공·제작한 가구 판매가 주수입원이라면 가구 소매업(523311)으로 보는 것이 합리적이어서 경계가 혼동된다.,OK,2,,,,
D0089,유사경계,소매(오프라인·온라인),Q1: 이동식 베이커리 트럭(차량 내 소량 제조·구운 빵 직판과 정기 배달),"상가 밀집지역의 아침 시간대 신선한 제과류 접근성 부족, 상가 월세 부담으로 고정 매장 창업이 어려운 창업자 대상 진입 장벽 낮춤.","제빵 트럭 한 대로 도심 주거·상업 지역을 순회하며 갓 구운 빵과 페이스트리를 즉석 판매하고, 아침 시간대 정기 구독형 배송(기업·카페 대상)을 운영한다. 차량 기반으로 이동 판매하며 가공·제조는 트럭 내부에서 소량으로 진행.",False,525912,그 외 기타 무점포 소매업,522061,차량을 이용해 구역을 이동하며 판매하는 경우 무점포(이동) 소매업(525912). 고정 점포에서 빵을 제조·판매하는 전형적 제과 소매업(522061)으로 혼동될 수 있음.,"트럭에서 직접 제조하는 점 때문에 제조와 소매의 경계가 애매하지만, '이동 판매'가 사업의 채널적 특징이면 무점포 소매업(525912)으로 분류. 반면 고정 매장에서 제과를 제조해 소매하는 경우 522061이 적절하다.",검색밖,,,,,
D0090,유사경계,소매(오프라인·온라인),Q1: 소형 광학·정밀기기 전문 매장(현미경·검사 렌즈) 및 계측·보정 서비스,"대학·연구실·소형 제조업체가 저가형부터 중급형 광학장비를 필요로 하나, 현지에서 구입·교정·정밀보정 받기 어려움.","현미경·착용형 렌즈·카메라용 매크로 렌즈 등 광학기기를 소매로 판매하고, 렌즈 정렬·계측기기 보정·클리닝·간단 수리를 유상으로 제공한다. 제품은 소비자 및 소규모 연구기관 대상.",True,523552,기타 광학 및 정밀 기기 소매업,523954,광학·정밀기기 판매 및 보정 서비스가 결합된 경우 기타 광학 및 정밀 기기 소매업(523552). 단순히 '특수상품 소매'로 분류되기 쉬움.,광학기기 판매가 주된 활동이면 523552가 맞다. 서비스(보정·수리)가 비중을 크게 차지하면 '서비스업' 또는 기타 전문 소매로 오인될 수 있어 경계가 애매하다.,OK,4,,,,
D0091,유사경계,소매(오프라인·온라인),Q1: 중소기업 대상 인터넷·전화 회선 임대(기간통신 사업자로부터 회선 임차 후 재판매),"중소기업은 유연한 통신 요금제와 SIP/클라우드 전화 솔루션을 원하나, 대형 사업자의 표준 요금제가 맞지 않는 경우가 많음.","기간통신사업자로부터 회선과 트렁크를 임차해 SIP·VoIP 회선과 선불 통화 패키지를 온라인으로 판매하고, 고객 지원·요금제 커스터마이징 서비스를 제공한다(자체 회선 구축 없음).",False,642002,통신 재판매업,523390,기간통신사업자로부터 회선을 임차해 재판매하면 통신 재판매업(642002). 전자기기(통신장비) 소매로 오해될 수 있음.,핵심은 '회선 재판매'라는 점으로 통신 재판매업(642002)이 정확하다. 다만 외관상 고객에게 통신 관련 상품(심지어 기기)을 파는 형태로 보이면 전자기기 소매업(523390)으로 잘못 분류될 수 있다.,검색밖,,,,,
D0092,유사경계,소매(오프라인·온라인),Q1: 주방용 도자기(수공예 그릇) 매장 겸 주문제작 스튜디오,카페·레스토랑과 감각 있는 가정 고객은 개성 있는 도자기 세트를 원하지만 대량생산품은 차별화에 한계가 있음.,"기성 재고(접시·머그·볼 등)와 소량 수공예 도자기를 매장에서 소매하고, 고객 주문을 받아 로고 인쇄·맞춤 유약 작업 후 소량 주문 제작(소비자·업소 대상)해 납품한다. 오프라인 쇼룸과 소규모 작업장(가마) 병행.",True,523422,"주방용품 및 가정용 유리, 요업제품 소매업",523954,주방용 유리·요업제품을 소비자에게 소매하면 523422. 자체 제작 주문 비중이 크면 기타 전문 소매나 제조로 오해될 수 있음.,판매 품목이 주방용 요업제품으로 명확하므로 523422가 적합하다. 다만 매장에서 직접 제조(가마)해 대량 생산·도매가 주업이면 제조업 성격으로 바뀔 수 있어 경계가 될 수 있다.,검색21위,21,,,,
D0093,유사경계,생활서비스(미용·수리·세탁 등),중고·수리 병행 컴퓨터 수리 및 리퍼비시 온라인 판매,"개인·소규모 사무실에서 고장 난 노트북·데스크탑과 주변기기를 빠르게 수리받고, 저렴한 리퍼비시 제품을 온라인으로 구매하려는 수요가 늘고 있음. 폐기되는 부품을 재활용해 수익을 올릴 기회 존재.","수리 워크숍에서 노트북·데스크탑·모니터·키보드 등 컴퓨터 및 주변기기를 수리·진단하고, 고장 부품을 교체한 리퍼비시 제품을 자체 온라인몰과 오픈마켓에 판매. 출장 수리와 수거·배송 서비스 병행.",True,725000,컴퓨터 및 주변 기기 수리업,922103,"주요 활동이 컴퓨터 및 주변기기(노트북, 데스크탑, 모니터 등)를 전문적으로 수리하고 리퍼비시 판매를 병행하므로 컴퓨터 및 주변기기 수리업(725000)이 적절. 다만 전자기기 일반 수리(922103)로 혼동될 수 있음.",서비스의 핵심은 컴퓨터·주변기기 전문 수리와 리퍼비시 판매(컴퓨터 분야 특화)이므로 725000이 맞음. 922103은 전자·정밀 기기 전반을 포괄하므로 오답으로 보일 수 있음.,OK,1,,,,
D0094,유사경계,생활서비스(미용·수리·세탁 등),출장 가전 수리 및 부품 소매 병행 소형 매장,"가전제품(세탁기, 냉장고, 전자레인지 등) 고장 시 빠른 출장수리와 정품·호환 부품을 바로 구매하려는 수요가 많음. 부품 소매로 추가 매출 창출 가능.","소규모 매장을 중심으로 고객집 방문 출장수리 서비스를 제공하고, 소매 카운터에서 자주 교체되는 부품(모터, 타이머, 히터 등)과 소형 리퍼 제품을 판매. A/S 계약형 서비스 판매도 병행.",True,922104,가전제품 수리업,922103,가정용 전기제품을 전문적으로 수리·출장수리하고 부품을 소매하므로 가전제품 수리업(922104)이 적절. 전기·전자 일반 수리(922103)로 오해될 수 있음.,고객 대상이 가정용 전기제품이고 서비스 범위가 가전 중심이므로 922104가 우선. 922103은 전자·정밀기기 전반에 해당해 혼동 소지가 있음.,OK,1,,,,
D0095,유사경계,생활서비스(미용·수리·세탁 등),가죽가방·구두 수선 겸 소형 수제 가죽제품 제작·판매,"가죽가방·구두 수선 수요는 꾸준하고, 맞춤·소량 제작된 가죽 소품(카드지갑, 파우치)을 추가로 판매하면 객단가를 높일 수 있음. 온라인 판매로 범위 확장 가능.","오프라인 수선소에서 가죽·가방·구두 수선을 주력으로 하되, 자체 디자인의 소형 가죽제품을 제작하여 매장과 자사몰·마켓에 판매. 리폼·맞춤 주문도 수주.",True,922108,"가죽, 가방 및 신발 수리업",922105,"가죽·가방·신발의 수선과 소품 제작·판매가 핵심이므로 가죽, 가방 및 신발 수리업(922108)이 적절. 의복·직물 수선(922105)과 혼동되기 쉬움(섬유류 리폼과 경계).","주요 대상 품목이 가죽류 및 신발이라 922108이 맞고, 의복 리폼 사업과 유사해 922105로 오인될 여지가 큼.",OK,3,,,,
D0096,유사경계,생활서비스(미용·수리·세탁 등),가정용 픽업·배달 세탁 앱(주요 타깃 가정) 및 소규모 카페 린넨 일부 공급,"도심 거주 가구는 편리한 픽업·배달 세탁을 원하며, 초기 B2C로 시작해 소규모 카페·식당 대상 린넨 공급으로 매출 다각화 가능.","모바일 앱을 통해 가정 고객의 세탁물 픽업·배달 예약을 받고, 자체 세탁 시설에서 가정용 세탁(일반 의류·이불·커튼 등)을 처리. 부가적으로 소규모 상업용 린넨 납품 계약을 일부 체결.",False,930100,가정용 세탁업,930102,주수익원이 가정용 세탁 서비스(픽업·세탁·배송)이므로 가정용 세탁업(930100)이 적절. 다만 일부 린넨 공급 활동 때문에 세탁물 공급업(930102)과 혼동될 수 있음.,주요 고객층과 서비스가 일반 가정 대상 세탁이므로 930100이 맞음. B2B 린넨 공급을 병행하면 930102로 보일 수 있으나 비중에 따라 분류가 달라짐.,OK,1,,,,
D0097,유사경계,생활서비스(미용·수리·세탁 등),전동킥보드·전기자전거 수리 및 배터리 교체(스테이션) 서비스,전동 개인 이동수단 보급 확대로 고장·배터리 수명 문제와 빠른 교체 서비스 수요가 증가. 전자제어·배터리 관리 역량으로 경쟁우위 확보 가능.,"전동킥보드·전기자전거의 모터·컨트롤러·배터리 등 전기·전자 계통을 전문으로 수리·정비하고, 배터리 교체 스테이션을 설치해 신속 교체 서비스를 제공. 정기 점검 구독 모델 도입.",True,922103,전기ㆍ전자 및 정밀 기기 수리업,922102,"전자·전기 계통(모터 제어기, 배터리 등)을 전문적으로 정비하므로 전기·전자 및 정밀 기기 수리업(922103)이 적절. 기계적 수리로 해석하면 기타 일반 기계 및 장비 수리업(922102)으로 오인될 수 있음.",핵심 서비스가 전동구동부 및 전자제어 계통의 수리이므로 922103이 타당. 외형상 자전거·기계류 수리와 유사해 922102로 혼동될 수 있음.,OK,1,,,,
D0098,유사경계,생활서비스(미용·수리·세탁 등),남성전용 이발소(빠른 컷) + 자체 브랜드 헤어제품 구독·온라인 판매,"바쁜 남성 고객은 예약 없이 빠른 이발 서비스를 원하고, 맞춤형 남성 헤어·스킨 제품 정기구매(구독) 수요가 증가.","오프라인 이발소에서 컷·면도·스타일링을 제공하고, 자체 제작한 왁스·두피토닉 등 남성용 헤어제품을 매장과 온라인으로 판매 및 월간 구독 서비스로 공급.",True,930201,이용업,930203,주요 서비스가 남성 고객 대상의 이발(컷·면도 등)이므로 이용업(930201)이 적절. 염색·펌 등 미용 서비스가 강화되면 두발 미용업(930203)으로 보일 수 있음.,"사업이 주로 남성 이발 서비스를 중심으로 하므로 930201이 맞고, 미용·제품 판매 병행으로 930203과 혼동될 여지가 있음.",OK,5,,,,
D0099,유사경계,생활서비스(미용·수리·세탁 등),동네 재봉사 연결 의류수선 중개 플랫폼(집수거·배송 포함),"소규모 재봉·수선점은 고객 유입이 적고, 소비자는 편리한 집수거 수선 서비스를 원함. 플랫폼으로 양측을 연결하면 양쪽 모두 혜택.","모바일/웹 플랫폼을 통해 고객의 의류 수선·수선 요청을 접수하고, 수거·배송을 직접 운영하거나 제휴 택배로 처리. 지역 재봉사(개인사업자)가 실제 수선을 수행하고 플랫폼은 중개수수료와 물류·결제 기능을 제공.",False,922105,의복 및 기타 가정용 직물제품 수리업,749102,실제 서비스(의복 수선)는 지역 재봉사가 수행하므로 업종 분류는 의복 및 기타 가정용 직물제품 수리업(922105)이 적절. 그러나 사람을 공급하는 서비스(장기간 파견)를 연상해 상용 인력 공급업(749102)으로 오해될 수 있음.,플랫폼의 핵심 서비스는 의류 수선(실제 작업)이므로 922105. 플랫폼만 운영하고 직접 수선을 하지 않는 경우 분류 문제가 생기지만 후보 목록에서는 922105가 가장 적합.,OK,17,,,,
D0100,유사경계,생활서비스(미용·수리·세탁 등),자동차 실내외 디테일링·PDR(무도장 판금)·블랙박스·대시캠 장착 소규모 정비점,"차량을 소유한 소비자가 디테일링(세차·실내크리닝), 무도장 판금 수리, 블랙박스·내비·전기장치 장착을 한곳에서 받고 싶어함. 부가장비 설치로 매출 다각화 가능.","소형 자동차 정비소에서 실내 크리닝·유광 코팅·PDR(무도장 판금) 등 전문 디테일링 서비스를 제공하고, 블랙박스·후방카메라·HUD 등 전장 장비 설치 서비스를 병행. 예약형 작업과 정기관리 패키지 판매.",True,922202,자동차 전문 수리업,922201,"차량의 특정 부분(내장, 차체 소손·판금, 전장장비 설치)을 전문적으로 취급하므로 자동차 전문 수리업(922202)이 적절. 종합정비(922201)로 오인될 수 있음.",사업이 특정 자동차 서비스(디테일링·판금·액세서리 장착)를 주로 하므로 922202가 맞음. 전체 차량 종합정비를 제공하는 경우 922201이 더 적절하게 보일 수 있다.,OK,10,,,,
D0101,유사경계,제조·가공,맞춤형 인조대리석 주방·욕실 상판(퀄츠·아크릴 베이스) 소규모 제조,"국내 주택 리모델링 수요 증가로 모양·색상·크기를 주문 제작하는 인조대리석 상판 수요가 있으나, 대형업체의 최소발주량이 커 중소 인테리어업체와 직거래 가능한 소형 생산자가 필요하다.","수입 원석(천연광물 분말)과 아크릴·폴리에스터 수지를 배합해 몰딩·프레싱·연마·컷팅을 통해 맞춤 상판(주방·욕실 카운터, 세면대 일체형)을 제조하고, 소량 맞춤 주문을 B2B(인테리어)·B2C(온라인·매장)로 직접 납품·설치한다. 자체 레진 배합 탱크, 몰드, CNC 컷터, 연마설비를 보유해 원재료 가공에서 완제품까지 생산한다.",True,269508,인조대리석 제품 제조업,269506,원재료(광물분말+수지)를 배합·성형·연마하여 인조대리석 제품을 직접 제조하므로 인조대리석 제품 제조업 코드가 적합.,"사업자는 원재료 혼합, 몰딩·프레스·연마 등 제조공정을 수행하여 완제품(상판)을 만들며 설치 서비스도 제공한다. 269508(인조대리석 제품 제조업)은 아크릴·폴리에스터 수지와 천연광물질을 배합해 인조대리석 제품을 제조하는 항목으로 정확히 일치한다. 오답 후보인 269506(기타 콘크리트 제품)은 콘크리트·시멘트 기반의 성형품(화분·조형물 등)에 더 가깝고, 이 사례의 주재료·공정(아크릴수지 기반 인조대리석)과 다르므로 부적합하다.",OK,2,,,,
D0102,유사경계,제조·가공,수입 LED 칩으로 제작하는 맞춤형 LED 스트립·모듈 조립 및 완제품 판매,"상업공간·가정의 맞춤형 조명 수요는 높지만, 수입 모듈을 그대로 쓰면 길이·방열·컨트롤 옵션에서 제약이 있어 현지에서 맞춤 조립하는 업체에 대한 수요가 존재한다.","해외에서 LED 칩·드라이버·PCB를 들여와 자체 설계한 방열구조, 방수 실링, 컨트롤러를 조립해 LED 스트립·바형 조명·커스텀 라인조명을 제조·판매한다. 광학 렌즈 부착, 알루미늄 방열체 절단·조립, 전기 안전시험을 진행하고 B2B(인테리어·상업공간)와 온라인 B2C로 판매한다.",False,315005,기타 조명장치 제조업,321004,완제품 조명기구(LED 스트립·모듈)를 설계·조립·검사해 판매하므로 기타 조명장치 제조업 코드가 적절.,"사업자는 LED 칩을 직접 제조하는 것이 아니라 부품을 조달해 방열·실링·조립·전기검사를 거쳐 완성된 조명기구를 만드는 제조 활동을 수행한다. 315005(기타 조명장치 제조업)은 휴대용·비전기식 제외한 각종 조명장치의 제조에 해당하여 적합하다. 321004(발광다이오드 제조업)은 LED(반도체 소자)를 직접 성장·칩 제조하는 고도의 반도체 공정을 뜻하므로, 부품조립형 사업과는 차이가 있어 오답 후보로 보이지만 그럴듯하게 혼동될 수 있다.",OK,4,,,,
D0103,유사경계,제조·가공,중소형 샌드·패턴 주조로 소량 맞춤 금속 부품(모형·기계부품) 생산,지역 기계수리·금형업체는 소량의 맞춤 주조부품이 필요하지만 대형 주조소의 최소생산수량·납기 문제로 신속한 소량 주조 수요가 존재한다.,"패턴 제작, 모래주형(샌드캐스팅), 용해·주조·탈모래·열처리·기계가공(연삭·밀링) 과정을 통해 소량의 철·알루미늄 주물부품을 생산해 기계·정비업체에 납품한다. 자체 용해로, 샌드박스, 후처리 설비를 갖추고 치수검사·비파괴검사를 수행한다.",False,289201,그 외 기타 금속 가공업,292300,주조·열처리·후처리·기계가공을 통해 최종 금속부품(주물)을 제조하므로 기타 금속 가공업 코드가 적합.,"사업은 원재료 금속을 녹여 주형에 부어 주물을 생산하고 후가공까지 수행하는 제조활동이다. 리스트에서 금속 주조용 기계 제조(292300)는 주조에 사용하는 기계·장비를 제조하는 항목으로, 실제 주조 제품을 만드는 본 사업과는 다르다. 따라서 289201(그 외 기타 금속 가공업)이 맞고, 292300은 기계제조업으로 혼동하기 쉬운 오답이다.",검색42위,42,,,,
D0104,유사경계,제조·가공,현장 진단용 면역검사 키트(ELISA·신속항원) 개발·생산,"중소 병·검진센터와 동물병원에서 비용 대비 자체 검사 가능 수요가 늘어나며, 빠른 현장진단용 체외진단 시약에 대한 수요가 지속적으로 존재한다.","항체·항원 혼합물 제조, 완충액·표지효소 조제, 스트립·플레이트에 코팅, 건조·포장·멸균(필요시) 과정을 거쳐 ELISA 키트·신속면역측정 키트(라테랄플로우)를 제조하여 의료기관·시험기관·동물병원에 공급한다. 품질관리·임상성능평가를 통한 배치 기준을 마련한다.",False,242907,체외 진단 시약 제조업,381005,검체 검사용 체외진단 시약을 자체 조제·코팅·포장하여 제조하므로 체외 진단 시약 제조업 코드가 적절.,"사업은 생물학적 시약을 원료로 혼합·코팅·정량포장하여 진단키트를 제조하는 전형적 체외진단시약 제조 활동이다. 242907(체외 진단 시약 제조업)은 바로 해당 항목이다. 381005(기타 기타 제품 제조업)는 포괄적 분류로 보이지만, 체외진단 시약처럼 규제·품질관리·시험이 요구되는 특수 시약은 242907로 분류되어야 하므로 381005는 그럴듯한 오답이나 부적합하다.",OK,3,,,,
D0105,유사경계,제조·가공,"지역 로스터리 카페 병행, 꽃잎·허브·곡물 혼합한 고급 티(벌크·선물세트) 제조·판매","웰빙·홈카페 트렌드로 향기·효능을 강조한 블렌드 티(유자꽃차, 쌍화차 베이스 티 등) 수요가 늘지만, 소량 맞춤 블렌드·원료 선별·탈수·가공을 제공하는 업체는 적다.","율무, 유자칩, 말린꽃잎, 허브, 조각 과일을 선별·건조·절단·블렌딩·계량·포장하여 느린추출용(티잎) 제품을 제조한다. 자체 건조·저장·포장시설을 갖추고 소매(매장·온라인)와 카페 도·소매를 병행해 판매한다. 음료로 제조(즉시 음용)하는 가공음료는 제공하지 않는다.",True,154905,차류 가공업,154103,건조 원료를 가공·혼합해 차류(음료용 원료가 아닌 건조차 제품)를 제조·포장하므로 차류 가공업이 적합.,사업은 율무·유자·꽃잎 등 식물성 원료를 건조·절단·혼합해 '차(잎·티백이 아닌 건조 차류 제품)'로 제조하여 유통하므로 154905(차류 가공업)이 적절하다. 154103(기타 식사용 가공처리 조리식품)은 조리·반조리 식품(도시락류 등)로 분류되어 차류와는 성격이 달라 흔히 혼동될 수 있는 오답이다.,검색26위,26,,,,
D0106,유사경계,제조·가공,소량 다품종 경성(리지드) 인쇄회로기판(PCB) 제작 및 표면처리(삼층 이상) 공정 설비 보유,"전자제조업의 일부인 소규모 하이브리드 장비업체들이 시제품·소량다품종 PCB를 빠르게 납품받기 원하며, 해외 발주 회로기판 소통·납기 문제로 국내 소량생산 필요가 있다.",프레임→내층 인쇄·감광·에칭·적층(라미네이션)·비아성형·드릴링·구리도금·솔더마스크·실크스크린 등 경성 인쇄회로기판 제조 전 공정을 수행하여 다층 리지드 PCB를 생산하고 검사·테이프포장하여 전자부품사·시제품제작사에 판매한다. 외주가공을 줄이고 판과 보드 자체 제조에 초점을 둔다.,False,321009,경성 인쇄회로기판 제조업,300101,경성 인쇄회로기판의 적층·에칭·도금·드릴 등 1차 PCB 제조 공정을 수행하므로 경성 인쇄회로기판 제조업이 적절.,"사업은 PCB의 원판 가공(적층, 에칭, 도금, 드릴 등)이라는 전형적인 인쇄회로기판 제조 활동을 수행하므로 321009(경성 인쇄회로기판 제조업)이 맞다. 300101(기타 주변기기 제조업)은 컴퓨터 주변기기 등 완제품 입력·출력 장치 제조에 해당해 PCB 자체 제조와는 성격이 달라 오답이지만, 전자부품 관련 사업이라는 점에서 혼동될 수 있다.",OK,2,,,,
D0107,유사경계,제조·가공,천연 코르크 분말·모듈형 혼합수지로 만드는 친환경 요가블록·요가용품 생산,"플라스틱·합성 폼 제품의 환경문제로 코르크 기반의 친환경 요가용품 수요가 증가하며, 천연 코르크를 이용한 경질 블록·브릭을 소량·맞춤 색상으로 공급하는 생산자가 필요하다.","천연 코르크를 분쇄·체질하여 결합수지(친환경 바인더)와 혼합·압축 성형·경화·연마·재단·표면처리 과정을 통해 요가블록, 필라테스용 브릭, 코르크 매트 단위를 제조한다. B2C·B2B(요가학원)로 온라인과 유통망을 통해 유통한다.",False,202903,코르크 및 조물 제품 제조업,269506,천연 코르크를 분쇄·성형하여 코르크 제품을 제조하므로 코르크 및 조물 제품 제조업 코드가 적합.,사업자는 코르크 원료의 분쇄·성형·결합 처리를 통해 최종 코르크용품(요가블록 등)을 제조하므로 202903(코르크 및 조물 제품 제조업)이 명확히 맞는다. 269506(기타 콘크리트 제품)은 성형 제품이라는 점에서 표면상 유사하지만 본 사업의 주원료·공정(코르크 분쇄·응집·성형)은 전혀 달라 오답이다.,OK,1,,,,
D0108,유사경계,농업·스마트팜,"컨테이너형 수직농장에서 수경재배로 샐러드용 잎채소(로메인, 베이비채소)를 365일 생산해 레스토랑·구독자에 공급","도심 인근 레스토랑은 신선하고 균일한 잎채소를 안정적으로 원하지만, 기후·계절 변화로 공급이 불안정하고 물류비가 높음. 소비자는 신선한 구독형 샐러드 박스를 원함.","도심에 컨테이너형 수직수경 시설을 설치해 LED·환경제어로 잎채소를 연중 생산하고, B2B(레스토랑) 도매납품과 B2C 구독배송을 병행. 부가적으로 포장·선별·간단한 세척 작업을 수행.",False,011008,"채소, 화훼 및 과실작물 시설 재배업",512212,"주요 활동은 시설(컨테이너) 내에서 채소를 재배하는 것이므로 '011008 채소, 화훼 및 과실작물 시설 재배업'이 기본. 레스토랑 납품 비중이 크면 도매업(512212)으로 오인될 수 있음.","사업의 핵심은 시설 기반 채소 재배(수경·수직재배)이고, 선별·포장·납품은 부수적 활동이다. 통계·업종 분류는 주된 생산활동을 기준으로 하므로 시설재배업 코드를 적용한다. 도매 판매 채널이 있어도 재배가 주된 경우 도매업 코드가 아닌 작물재배 코드가 적합하다.",검색23위,23,,,,
D0109,유사경계,농업·스마트팜,스마트팜용 온습도·CO2·광 제어 모듈과 통합 제어기를 자체 설계·제조해 농가에 판매,"국내 소규모 스마트팜은 맞춤형 제어장비가 부족하고, 외산 장비는 비용이 높아 초기 도입 장벽이 큼. 유지보수·현장 커스터마이즈 수요가 존재함.","센서·액추에이터를 통합한 농업용 환경제어 하드웨어(모듈·컨트롤러)를 설계·조립·검증해 납품하고, 현장 설치·커미셔닝·사후 A/S를 제공. 일부 기기나 패널을 주문생산함.",False,292100,농업 및 임업용 기계 제조업,281103,농업 생산·출하 과정에 쓰이는 기기(환경제어기·자동급수 장치 등)를 제조하므로 '292100 농업 및 임업용 기계 제조업'이 적절. 금속 가공·구조물 제조(281103)로 오인될 수 있음.,제품은 농업용 기계·장비에 해당하므로 기계 제조업 코드가 우선이다. 다만 금속 프레임·케이싱 등 금속판제품을 자체 제작하면 281103과 혼동될 수 있으므로 부수 공정이 많으면 보조 코드로 고려될 수 있다.,OK,2,,,,
D0110,유사경계,농업·스마트팜,소규모 농가와 외식업체를 매칭하는 온라인 B2B 주문·정산 플랫폼(중개수수료 기반),"소규모 농가는 안정적 판매처 부족, 외식업체는 로컬 소량 다품목 공급망을 구축하기 어려움. 플랫폼으로 직거래·스케줄링·정산을 자동화하면 유통비 절감과 신선도 개선 가능.",농가·레스토랑 회원을 모아 농산물 주문·배차·결제·수수료 기반 중개 서비스를 제공. 거래 데이터·물류 연결을 위한 SaaS형 기능도 제공하지만 주수익은 거래수수료.,False,511111,"산업용 농ㆍ축산물, 섬유 원료 및 동물 중개업",512212,플랫폼이 거래 체결과 중개 수수료를 주된 수익원으로 한다면 '511111 산업용 농·축산물 중개업'이 맞다. 다만 플랫폼이 직접 도매로 재고를 사들여 파는 형태면 도매업(512212)으로 분류될 수 있다.,"법적·통계적 분류는 주된 경제활동(수수료 기반 중개인지, 직접 판매·도매인지)을 본다. 본 사례는 중개·중계가 핵심이므로 중개업 코드가 적합하다. 플랫폼 소프트웨어 제공 자체만으로 소프트웨어업으로 보지 않는다.",OK,3,,,,
D0111,유사경계,농업·스마트팜,허브(라벤더·로즈메리)·약용작물을 노지와 온실에서 재배해 추출한 에센셜 오일과 건조허브를 소포장 판매,"천연 향료·아로마·허브티 시장이 성장 중이나, 신뢰할 수 있는 국산 소량 공급처가 적음. 소비자는 유기농·원산지를 확인할 수 있는 제품을 선호.","허브밭 및 소형 건조·증류 설비를 운영해 에센셜 오일(소량 병제품), 건조허브(티백·소포장), 허브엑기스를 직접 제조·브랜딩해 온라인·직영매장에서 판매.",True,011006,기타 작물 재배업,522040,주요 활동이 허브의 재배(노지·온실)이므로 '011006 기타 작물 재배업'이 기본. 제품을 직접 소매 판매하면 소매업(522040)으로 오해될 수 있으나 재배가 주된 경우 재배업 코드가 우선된다.,통계 분류는 사업의 주된 활동을 기준으로 한다. 허브 재배가 핵심 생산활동이고 가공·포장은 부수적이라면 작물재배 코드가 적합하다. 만약 가공·브랜딩·소매가 수익의 대부분이라면 소매업 코드로 재분류될 여지가 있다.,검색밖,,,,,
D0112,유사경계,농업·스마트팜,스마트팜 도입 희망 농가를 대상으로 파종·제초·수확·농약살포 등 현장 작업을 계약형으로 제공하는 농업 외주 서비스,귀농 초보자·영세농은 노동력과 계절인력 확보가 어려워 핵심 공정 일부를 외주화하려는 수요가 늘고 있음. 전문 장비·무인기 활용 수요도 존재.,"계약 기반으로 밭갈기·정식·파종·수확·농약살포(드론 포함)·수확 후 선별까지 제공하는 현장 대행 서비스를 제공하고, 농기계 임대·운영을 병행.",False,014302,작물재배 지원 서비스업,014301,현장 작업을 수수료·계약 형태로 제공하는 것은 '014302 작물재배 지원 서비스업'에 해당. 만약 농장 자체에서 작물과 축산을 병행하며 운영했다면 복합농업(014301)으로 볼 수 있음.,업무 내용이 타 농가를 대신해 밭갈기·파종·수확 등을 제공하는 서비스이므로 작물재배 지원 서비스업 코드가 적절하다. 자기가 직접 재배·판매하는 영농이면 복합농업 코드가 될 수 있다.,OK,1,,,,
D0113,유사경계,농업·스마트팜,온실용 강철 프레임·지지대(맞춤형)와 연결 부품을 자체 제작해 농장에 설치까지 제공하는 철구조물 제조·시공 업체,"기성 온실 구조물은 표준화되어 있으나, 지형·확장성에 맞춘 맞춤형 경량·내식성 프레임 수요가 늘고 있음. 농가는 제작·설치 편의를 원함.",강판 절단·절곡·용접으로 온실 프레임·게이블·도어 등을 제조하고 현장으로 배송·조립·설치(볼트체결·기초 앵커링)까지 수행. 일부 부품은 주문제작으로 소량 생산.,False,281103,구조용 금속 판제품 및 공작물 제조업,452121,철제 프레임 등 구조용 금속 판제품을 제조하는 활동이 주라면 '281103 구조용 금속 판제품 및 공작물 제조업'이 맞다. 제조 후 자체 설치 비중이 크면 설치공사업(452121)으로 혼동될 수 있다.,주된 활동이 금속제품의 제조(절단·용접·조립)라면 제조업 코드가 우선이다. 설치·시공이 부수적 서비스인지 주된 매출원인지에 따라 설치공사업 코드로 봐야 하는 상황이 발생할 수 있다.,OK,8,,,,
D0114,유사경계,농업·스마트팜,농장에서 재배한 채소를 현장 직영 매장과 온라인몰로 소포장·가공해 지역 소비자에게 정기박스(직거래)로 판매,"지역 농가들은 유통마진 때문에 소득이 낮고, 소비자는 신선한 직거래 제품을 원함. 직영 판매로 유통단계를 줄이면 농가 소득 개선 가능.","자체 농장에서 채소를 재배(노지·시설 혼합)하고, 수확·선별·세척·소포장해 농장 내 직영 매장과 자사 온라인몰로 정기박스를 판매(소매). 일부 잉여물량은 도매로 납품.",True,011001,채소작물 재배업,522040,재배와 직영 소매를 병행할 때 주된 활동이 '직접 재배'라면 '011001 채소작물 재배업'으로 분류한다. 하지만 소매 판매(522040)가 매출의 대부분이면 소매업 코드가 적합할 수 있다.,주된 활동의 비중(매출·노동투입)을 기준으로 업종을 결정한다. 본 사례는 재배가 핵심으로 가정했기 때문에 채소작물 재배업을 기본으로 선택했다. 판매 채널이 주요 수익원임을 입증하면 소매업으로 분류 전환 가능.,검색37위,37,,,,
D0115,유사경계,농업·스마트팜,자체 재배한 식물 추출물을 이용해 유기농 인증을 받은 농업용 천연 유해곤충 방제제(플랜트 추출 농약) 소량 제조·판매,화학합성 농약의 잔류·환경 문제가 커지면서 친환경·유기농 인증이 가능한 천연 방제제 수요가 증가하고 있음. 특히 소규모 유기농 가구는 소포장 제품을 선호.,"농장에서 재배한 식물(예: 니켈소나무, 님 등)에서 유효성분을 추출·정제해 액상·분무용 유기농 방제제를 제조하고, 포장·라벨링해 농가·농자재상에 납품 및 소매 판매.",False,242101,화학 살균ㆍ살충제 및 농업용 약제 제조업,011006,농업용 약제(살충제·살균제)를 제조하는 활동은 '242101 화학 살균·살충제 및 농업용 약제 제조업'으로 분류된다. 원료로 식물 재배를 병행하면 재배업(011006)으로 오해될 수 있음.,제품의 본질이 '농업용 약제 제조'이므로 제조업 코드가 우선이다. 비록 원료를 직접 재배하더라도 제조·가공·포장 과정이 주된 경제활동이면 화학·농약 제조업으로 분류된다.,OK,5,,,,
D0116,유사경계,앱·플랫폼·소프트웨어,지역 농가와 식당을 연결하는 신선 농산물 경매형 B2B 플랫폼(농부·식당 회원간 위탁경매·수수료 수익),"중소 식당들이 신선한 제철 농산물을 소량으로 신속하게 수급하기 어려우며, 농가는 직거래 채널이 부족해 판로와 가격 경쟁력이 낮음. 지역·생산자 이력 정보를 실시간 제공하면 수요가 있음.","웹·모바일 플랫폼을 만들어 농가가 물량·생산정보(유기농·재배일자 등)를 등록하면 식당이 경매에 참여하도록 하고, 낙찰·정산·물류 주선까지 중개 수수료와 배송수수료로 수익을 얻음(자체 배송은 외주). 자체 소프트웨어는 플랫폼 운영용이지만 핵심은 농산물의 경매·중개 서비스.",False,511113,음ㆍ식료품 및 담배 중개업,642004,플랫폼이 실제 상품(농산물)의 판매·경매·중개를 주된 활동으로 하므로 '음·식료품 중개업'으로 분류. 단 플랫폼 제공을 강조하면 인터넷 정보 매개(포털) 코드가 혼동될 수 있음.,"실물 농산물의 거래 중개가 주업무이므로 중개업(511113)이 적절하고, 소프트웨어는 거래 중개의 도구에 해당.",검색밖,,,,,
D0117,유사경계,앱·플랫폼·소프트웨어,인디게임·게임자산(스프라이트·사운드·애니메이션) 거래·라이선스 중개 플랫폼(수수료·라이선스 판매),"소규모 게임 개발자들이 필요한 아트·사운드 자산을 찾기 어렵고, 자산 제작자는 글로벌 노출 채널이 부족함. 디지털 자산의 저작권 관리와 라이선스 중개 수요가 큼.","자산 업로더(제작자)가 사용권(상업·비상업)을 명시해 등록하면 개발자가 라이선스를 구매·다운로드하도록 중개하고, 저작권·거래내역을 관리하는 웹서비스를 제공. 플랫폼은 거래수수료와 프리미엄 라이선스(에셋 번들) 판매로 수익창출. 자체 제작 자산을 소량 공급하기도 함.",False,749903,사업 및 무형 재산권 중개업,722000,디지털 자산(무형재산권)의 감정·중개·알선이 핵심이므로 '사업 및 무형 재산권 중개업'으로 분류. 플랫폼 개발은 부수 활동으로 보임.,"거래 대상이 무형의 저작권·라이선스이므로 중개업(749903)이 우선이며, 소프트웨어 개발업(722000)과 혼동될 수 있음.",OK,13,,,,
D0118,유사경계,앱·플랫폼·소프트웨어,보험상품 비교·가입을 자동화하는 SaaS 기반 보험중개 플랫폼(플랫폼 수수료·API 연동 수익),소비자는 다양한 보험사 상품을 일일이 비교하기 어렵고 보험사는 디지털 채널 확대를 원함. 자동 비교·맞춤 추천으로 전환율을 높일 기회.,"여러 보험사 API를 연동해 소비자 맞춤견적·상품비교·가입신청을 플랫폼에서 중개하고, 보험사로부터 수수료(중개수수료)를 받음. 개발된 비교 알고리즘과 UI는 SaaS로 보험 대리점에 제공 가능.",False,672000,보험 대리 및 중개업,722000,플랫폼이 보험계약 체결을 대리·중개하므로 '보험 대리 및 중개업'이 주업종. 소프트웨어 개발·공급은 보조적 역할일 수 있음.,"실제 수익원이 보험사로부터 받는 중개수수료라면 중개업(672000)으로 분류되고, 기술 제공 중심이면 응용SW(722000)로 볼 여지가 있음.",OK,4,,,,
D0119,유사경계,앱·플랫폼·소프트웨어,"SNS 기반 수공예 의류 크리에이터와 소비자 연결하는 소셜커머스(콘텐츠+구매연동, 플랫폼 수수료)","수제 의류 제작자는 온라인 판매 채널과 마케팅 역량이 부족하고, 소비자는 독특한 디자인을 찾고자 함. SNS로 발견→구매로 바로 이어지는 방식이 인기.","인스타그램·틱톡 연동 쇼핑 플랫폼을 구축해 창작자가 제품(의류·악세서리) 사진·리스트를 올리고, 소비자는 플랫폼에서 결제·배송을 진행. 플랫폼은 결제·광고·프리미엄 노출 수수료로 수익을 얻음. 재고 보관·배송 대행(옵션) 제공.",False,525103,전자상거래 소매 중개업,749927,SNS를 통한 일반 소비자 대상 중개·소매중개 서비스이므로 '전자상거래 소매 중개업'으로 분류. 제품군이 섬유·의류라 749927(섬유 중개)로 오인될 수 있음.,플랫폼이 최종 소비자 대상 소매 중개를 주로 수행하므로 전자상거래 중개업(525103)이 적절하다.,검색밖,,,,,
D0120,유사경계,앱·플랫폼·소프트웨어,외식 매장용 키오스크 단말기(하드웨어) + 클라우드 주문관리·재고관리 SaaS를 함께 판매하는 솔루션,"외식 프랜차이즈는 키오스크와 연동되는 클라우드 시스템을 원하지만, 저렴한 패키지로 묶어 공급하는 사업자가 적음. 하드웨어+SW 통합 패키지 수요 존재.","자체 설계한 키오스크(터치스크린·프린터 포함)를 도매로 식당체인에 공급하고, 장비와 연동되는 클라우드 기반 POS·재고관리 SW를 월구독으로 제공. 초기 수익은 장비 판매, 반복 수익은 SaaS 구독료.",True,515050,"컴퓨터 및 주변장치, 소프트웨어 도매업",722000,주된 활동이 컴퓨터 및 주변장치(키오스크) 도매·공급이라면 컴퓨터·주변장치 도매업(515050)으로 분류. 소프트웨어 개발·공급은 부수적 활동일 수 있음.,"하드웨어 판매가 수익의 핵심이면 도매업 코드(515050), 반대로 SW구독이 중심이면 응용SW(722000)로 분류 가능함.",OK,3,,,,
D0121,유사경계,앱·플랫폼·소프트웨어,"아티스트용 NFT 마켓플레이스(작품 민팅·거래·보관·로열티 자동지급, 수수료 기반)","디지털 아트 창작자들은 글로벌 판매 채널 및 저작권 수익(로열티) 확보가 어렵고, 안전한 보관·거래 인프라가 필요함. NFT 기반 중개 수요가 큼.","블록체인 기반 플랫폼에서 창작자가 작품을 민팅하고 구매자는 암호화폐·법정화폐로 구매할 수 있게 하며, 거래 수수료·민팅 수수료·프리미엄 보관료로 수익을 얻음. 지갑 연동·에스크로·로열티 자동분배 기능 제공.",False,724002,가상자산 매매 및 중개업,749903,가상자산(토큰화된 디지털 작품)의 매매 및 중개·보관 서비스가 주된 활동이므로 '가상자산 매매 및 중개업'으로 분류. 무형재산권 중개(749903)와 경계가 있음.,"거래 대상이 블록체인 기반 가상자산이면 724002가 적합하고, 전통적 무형재산권 중개로 보이면 749903로 오인될 수 있음.",OK,1,,,,
D0122,유사경계,앱·플랫폼·소프트웨어,화주와 화물차주를 연결하는 모바일 화물중개 플랫폼(운송주선·수수료·실시간 매칭),"중소 화주들은 소량 화물 운송을 효율적으로 예약하기 어렵고, 비어있는 택배·화물 적재공간을 활용하면 운송비 절감 가능. 실시간 매칭 수요가 높음.","모바일 앱으로 화주가 화물정보(중량·부피·픽업·도착지)를 올리면 근처 등록된 운송사업자·차주에게 배정·견적을 요청하고, 운송계약 체결과 결제·평가를 중개. 중개수수료와 우선노출 유료상품으로 수익을 창출하며, 필요시 보험 연계 서비스를 제공.",False,602309,"화물 운송 중개, 대리 및 관련 서비스업",642004,화물 운송과 화주·운송업자 간의 주선·중개가 핵심이므로 '화물 운송 중개'로 분류. 단 플랫폼·포털 성격이 강조되면 인터넷 정보 매개업 코드로 혼동될 수 있음.,"실제 운송주선·중개가 주요 비즈니스이면 602309가 적절하고, 단순 정보 제공 포털이면 642004가 될 수 있음.",OK,1,,,,
D0123,유사경계,앱·플랫폼·소프트웨어,기업·스타트업 대상 맞춤형 모바일 앱 개발 프리랜서(프로젝트 단위 개발·유지보수·패키지 앱 판매),중소기업은 내부 개발 인력이 없어 외주로 맞춤 앱을 빠르게 개발해야 함. 단건 프로젝트와 일부 패키지 앱 판매로 안정적 매출 가능.,클라이언트 요구사항 분석→UI/UX 설계→모바일 앱 개발(안드로이드·iOS)→서버 연동·배포·유지보수까지 프로젝트 단위로 제공. 또한 자주 쓰이는 기능을 묶어 패키지 앱을 복수 업체에 라이선스 판매하기도 함. 수익은 개발 용역비·유지보수·라이선스 판매.,False,940926,소프트웨어 프리랜서,722000,개인 프리랜서가 프로젝트 단위로 소프트웨어 개발 용역을 제공하는 경우 '소프트웨어 프리랜서'로 분류. 다만 자체 제품화·대규모 패키지 공급이 주된 경우 응용소프트웨어 개발업(722000)으로 볼 수 있음.,"주업이 용역형 프리랜서 개발이면 940926, 제품·서비스로서 계속적 공급이 핵심이면 722000으로 분류됨.",OK,1,,,,
D0124,유사경계,교육·콘텐츠,초등 수학 맞춤형 워크북·교사용 지도서 기획·출판 및 PDF 구독 서비스,"시중 교재는 진도·난이도 조정이 어려워, 학급 수준별로 세분화된 문제지와 교사용 해설을 필요로 하는 초등 교사 수요가 높음. 학교별 맞춤 학습 자료의 디지털 전환으로 교사용 자료도 함께 제공하는 비즈니스 기회가 존재함.","학습 목표별(수와 연산, 도형 등) 워크북 시리즈와 교사용 지도서(수업 플랜, 정답·해설 포함)를 기획·편집해 ISBN으로 인쇄 출판하고, PDF 구독형 학습지(월정액)를 통해 교사/학부모에게 배포. 학교 단체 주문·맞춤형 편집(학교명 인쇄 등) 서비스 병행.",False,221103,교과서 및 학습 서적 출판업,221100,초·중·고 교과 관련 학습지·참고서 성격의 출판물(워크북·교사용 지도서)이므로 '교과서 및 학습 서적 출판업(221103)'이 주업종.,"제품이 교과 관련 학습서(워크북, 참고서, 학습지)와 교사용 보조자료로 명확히 학습서적 범주에 들어가므로 221103이 적절. 다만 전자 PDF 구독·일반 서적 출판 형태가 일부 있어 일반 서적 출판(221100)으로 오인될 수 있음.",OK,1,,,,
D0125,유사경계,교육·콘텐츠,학교 수업 연계 인터랙티브 전자교재(비디오·퀴즈 포함) 및 인쇄 종이 교재 주문제작,"학교의 디지털 학습 환경 전환으로 전자교재 수요가 증가, 동시에 일부 학교는 여전히 인쇄 교재(실습용) 병행을 원함. 전자·인쇄 연계 패키지를 제공하면 학교 납품 시장을 공략할 수 있음.","교과과정에 맞춘 인터랙티브 e-book(영상 강의, 자동 채점 퀴즈 포함)을 제작·라이선스 판매하고, 교사용 인쇄 교재(워크북·활동지)는 주문제작·납품. 저작권을 소유해 학교·교육청과 단체 계약을 체결.",False,221103,교과서 및 학습 서적 출판업,921505,교과과정 연계 학습서·교재를 제작·출판하여 학교에 공급하므로 '교과서 및 학습 서적 출판업(221103)'이 주업종으로 판단됨.,주요 활동이 교재(전자·인쇄) 기획·출판 및 라이선스 판매이므로 출판업으로 분류된다. 애니메이션/미디어 제작 요소가 있어 921505(미디어콘텐츠창작업)로 혼동될 수 있으나 대상·목적이 교재 출판에 있으므로 221103이 적합하다.,OK,5,,,,
D0126,유사경계,교육·콘텐츠,유아 대상 교육 애니메이션 시리즈 제작(유튜브) 및 교육용 DVD·북 출판 병행,"부모들은 놀이·교육을 결합한 영상 콘텐츠를 선호하지만, 검증된 교육 커리큘럼이 적용된 애니메이션은 부족함. 영상 조회 수와 광고·스폰서 수익 외에 교육 자료 판매로 수익 다각화 가능.","유아 발달 이론에 기반한 5분 내외 애니메이션 에피소드 시리즈를 자체 제작해 유튜브 채널에 공개. 영상으로 브랜드를 형성한 뒤 에피소드 묶음 DVD, 활동북(출판), 캐릭터 완구 및 라이선스 판매로 확장.",False,921504,애니메이션 영화 및 비디오물 제작업,940306,애니메이션 영화 및 비디오물 제작업(921504) — 애니메이션 시리즈를 기획·제작하는 활동이 주가 되어 해당 코드가 적절.,"주수익원이 영상(애니메이션) 제작·배포이며 DVD·출판은 부수적 상품이다. 따라서 애니메이션 제작업으로 분류된다. 1인 미디어(940306)로 보일 수 있지만 전문 제작(스튜디오, 편집, 성우 등)을 전제로 하므로 921504가 더 정확하다.",OK,1,,,,
D0127,유사경계,교육·콘텐츠,"튜터 매칭 플랫폼(학생–과외교사 연결, 수업 예약·결제·평가·수수료 수취)",개인 과외 시장은 온라인 매칭 서비스를 통해 거래가 늘어나고 있으나 신뢰성·결제·일정 관리 기능을 통합한 플랫폼이 부족함. 플랫폼 수수료 기반의 확장성이 큼.,학생·학부모가 과외교사를 검색·비교하고 예약·결제·수업평가까지 가능한 웹/모바일 플랫폼을 운영. 교사 인증·리뷰 시스템과 결제·환불·수수료 모델을 통해 중개 수익을 확보. 필요시 출장 과외·화상 수업 연동.,False,930915,기타 교육지원 서비스업,930921,교육 과정·시스템을 지원하는 플랫폼 형태의 중개·지원 서비스로 '기타 교육지원 서비스업(930915)'이 적합.,"플랫폼은 직접 교육(학원업)이나 출판이 아닌 교육 거래·운영 지원·중개를 담당하므로 교육지원 서비스로 분류된다. 교육관련 자문·평가(930921)와도 유사하나, 플랫폼의 주된 기능이 매칭·운영 지원이므로 930915가 더 적절하다.",OK,13,,,,
D0128,유사경계,교육·콘텐츠,지역 음악학원(피아노·보컬) 운영과 학생 녹음 앨범 제작·판매,학부모는 레슨 결과물을 원하고 학생들은 포트폴리오·경쟁력 확보를 위해 녹음물·앨범 제작을 원함. 학원에서 소규모 스튜디오로 녹음 서비스를 제공하면 부가 수익 창출 가능.,"피아노·성악·실용음악 개인레슨을 정규 커리큘럼으로 운영하고, 학원 내 소규모 녹음 스튜디오로 학생 콘서트·레퍼토리 녹음물을 제작해 CD·디지털 음원으로 판매. 연말 공연 DVD 제작·판매도 병행.",True,809009,음악학원,221300,주된 활동이 학원에서의 음악 교육(개인레슨)이므로 '음악학원(809009)'이 주업종.,교육(레슨)이 핵심 수익원이므로 학원업으로 분류된다. 녹음·출판·판매 활동이 있어 음반 출판(221300)으로 오해될 수 있으나 이는 부수 활동에 해당한다.,OK,2,,,,
D0129,유사경계,교육·콘텐츠,증강현실(AR) 연계 그림책 출판 및 전용 앱 개발·판매,유아·초등 독서 경험을 높이는 AR 그림책에 대한 부모 수요가 증가. 책과 앱을 결합한 제품은 도서 시장에서 차별화 가능성이 높음.,"스토리 기반 그림책을 기획·일러스트 제작해 인쇄 출판하고, 각 책에 대응하는 AR 앱을 자체 개발하여 그림책을 스마트폰으로 스캔하면 캐릭터가 애니메이션·음성해설을 재생. 종이책 판매(서점·온라인)와 앱 유료/인앱 결제로 수익화.",False,221100,일반 서적 출판업,921505,종이 그림책을 기획·출판해 유통하는 활동이 주되 AR 앱은 부수적이므로 '일반 서적 출판업(221100)'이 주업종.,주요 상품이 그림책(인쇄물)이며 앱은 보완 서비스다. 미디어콘텐츠 제작(921505)으로 보일 수 있으나 인쇄 서적의 기획·출판 행위가 중심이라 출판업으로 분류된다.,OK,6,,,,
D0130,유사경계,교육·콘텐츠,교실용 포스터·플래시카드·스티커 등 교육 인쇄물 제작·도매·온라인 소매,"학교·학원·홈스쿨에서 즉시 사용할 수 있는 시각 보조 자료(대형 포스터, 알파벳/숫자 플래시카드, 학습 스티커)의 수요가 꾸준함. 맞춤 주문·다량구매 시장도 존재함.","교사용 포스터(학습 목표별 대형 인쇄물), 플래시카드 세트, 활동용 스티커를 디자인·인쇄해 온라인 쇼핑몰과 교육자 대상 도매로 판매. 학교 로고·학급 맞춤 인쇄 서비스 제공.",True,221900,기타 인쇄물 출판업,221100,사진·엽서·캘린더 등 각종 인쇄물 및 교육용 인쇄물 제작·발행에 해당하는 '기타 인쇄물 출판업(221900)'이 적절.,"상품이 주로 인쇄물(포스터, 플래시카드, 스티커) 중심이므로 기타 인쇄물 출판업으로 분류된다. 일반 서적 출판(221100)으로 오인될 수 있으나 서적 형태보다는 교구형 인쇄물에 가까워 221900이 더 정확하다.",검색37위,37,,,,
D0131,정보부족,카페·음식점,스페셜티 원두 소량 로스팅 겸 카페(원두·굿즈·워크숍 포함),"동네에 스페셜티 커피 수요는 늘지만 정기구독과 체험형 커뮤니티를 결합한 매장은 드물다. 소비자는 원두 구매, 카페 이용, 커핑·로스팅 워크숍을 한 곳에서 원함.","매장 공간에서 에스프레소 기반 음료와 필터커피를 제공하고, 소량 원두 로스팅(주 2~3회)을 통해 소매용 포장 원두를 판매한다. 자체 제작 머그·티셔츠 등 굿즈와 커핑·바리스타 워크숍 유료 운영, 온라인 원두 정기구독 서비스도 병행한다. (무엇을 만들고 무엇을 파는지: 커피 음료, 포장 원두, 굿즈, 유료 교육 이벤트)",True,,,,정보 부족,"주된 수익원이 매장 음료 판매인지, 직접 원두 로스팅·가공(제조업)에 해당하는지, 아니면 포장 원두의 도매/소매 유통인지가 분명하지 않음. 원두를 직접 소량 로스팅하는지 외주 제조인지, 굿즈 비중과 교육 서비스의 매출 비중 등 핵심 활동·규모 정보가 없어 업종 코드 특정 불가.",OK,,,,,
D0132,정보부족,카페·음식점,지역 카페 연결형 모바일 커피 배달 플랫폼(라이더 연계),비대면 주문과 빠른 배달을 선호하는 직장인 수요가 높아짐. 인근 소형 카페들을 묶어 주문-배달을 통합해 소비자에게 편의를 제공하면 수수료 및 배송료로 수익 창출 가능.,"스마트폰 앱으로 인근 제휴 카페의 메뉴를 모아 배달 주문을 받는다. 플랫폼은 주문수수료와 월 구독형 가맹비로 수익을 내고, 직접 라이더를 고용해 당일 배송 서비스(또는 외부 배달대행과 연계)를 운영할 계획이다. (무엇을 만들고 무엇을 파는지: 플랫폼 서비스(주문중개), 배달서비스, 가맹관리)",False,,,,정보 부족,"플랫폼 사업인지, 실제로 음료를 제조·판매하는 기업인지(카페 운영인지), 또는 배달원 고용·배송 서비스만 제공하는지에 따라 적용 가능한 업종 코드가 달라짐. 현재 설명만으로는 중개업·배달업·음료 소매·음료 제조 중 어느 항목이 주업무인지 특정할 수 없음.",OK,,,,,
D0133,정보부족,카페·음식점,팝업형 퓨전 간식·음료 스탠드(주말 마켓 중심),"주말 플리마켓과 푸드마켓에 젊은 층 소비자가 몰리며, 즉석 조리하는 퓨전 간식과 개성 있는 음료에 대한 수요가 높다. 고정 임대 없이 낮은 초기비용으로 실험적 메뉴로 빠르게 시장 반응을 보려 함.","주말 마켓과 쇼핑몰 팝업에서 과일·허브를 활용한 시그니처 음료(예: 수제 과일청 음료, 콤부차 소량 병입)와 퓨전 스낵(떡·핫스낵 퓨전)을 즉석 조리·판매한다. 향후 반응이 좋으면 상설 매장 전환이나 온라인 병입 음료 판매도 검토한다. (무엇을 만들고 무엇을 파는지: 즉석 간이음식과 다양한 음료, 소량 병입 음료 가능)",False,,,,정보 부족,"즉석 조리 중심의 간이 음식점인지, 음료를 현장에서 제조해 소매하는지(음료 소매), 또는 병입·가공해 제조업으로 봐야 하는지 불명확함. 팝업·임시판매인지 상설 매장 전환 여부나 제품 포장·유통 방식 정보가 없어 업종 코드 지정 불가.",OK,,,,,
D0134,정보부족,소매(오프라인·온라인),동네 소형 매장+SNS로 생활잡화 판매(구체 품목 미정),"주거 밀집 지역에 소형 매장을 내고, SNS·배달앱으로도 판매해 동네 수요를 공략하려 함. 임대료는 낮지만 어떤 생활용품(주방소형용품, 청소용품, 소형주방기구 등)으로 차별화해야 할지 불명확하고, 도매처·브랜드 구성도 정해지지 않음.","소형 매장(20평 내외)을 열어 생활잡화와 소형 주방용품을 소매하고, 인스타그램·배달앱으로 주문을 받아 배달·포장 판매하겠다는 계획. 구체적 품목군, 가격대, 신품/중고 여부, 공급처가 명확하지 않음.",True,,,,정보 부족,"판매할 구체적 상품(주방용품인지 가정용 직물인지, 신품인지 중고인지), 제품 범위와 공급방식(도매·OEM·직수입 등)이 불명확해 후보 코드 중 어느 소매업에 해당하는지 특정할 수 없음.",OK,,,,,
D0135,정보부족,소매(오프라인·온라인),트럭·차량을 이용한 이동 판매(판매 품목·운영방식 불명확),차량을 개조해 동네와 행사장을 돌며 물건을 팔아보고 싶음. 고정 점포 부담 없이 수요 많은 장소에 맞춰 이동하며 판매하면 초기비용을 낮출 수 있음.,"시장·주택가·행사장 등지를 순회하며 '필요한 물건들(생필품·간단한 잡화 등)'을 판매할 계획. 그러나 정확히 어떤 품목을 판매할지, 노점 형태인지 방문판매(예약·정기방문)인지, 재고 보관·결제 방식 등이 명시되지 않음.",False,,,,정보 부족,"판매 품목과 판매방식(노점·이동소매·방문판매 중 어느 형태인지)이 불분명해 후보 목록의 이동 소매(노점/무점포)인지, 특정 상품 전문 소매인지 판단 불가.",OK,,,,,
D0136,정보부족,소매(오프라인·온라인),소규모 굿즈·수제품 제작·판매(어떤 굿즈인지 불명확),"취미로 만든 소품·굿즈를 온라인과 플리마켓에서 판매해 부가수입을 얻고 싶음. 수요층은 MZ 세대, 굿즈 구독 등 반복 매출 가능성 존재.","자체 제작한 굿즈(엽서·스티커·인형·가죽 소품 등 가능성 있음)를 온라인 쇼핑몰·마켓플레이스와 오프라인 플리마켓에서 판매하겠다는 아이디어. 다만 제작 재료와 완제품 종류, 대량생산 여부, 주력 상품군이 구체적으로 정해지지 않음.",False,,,,정보 부족,제품군(문구용품인지 가죽제품인지 가정용품인지)에 따라 적용되는 업종코드가 달라짐. 현재 설명만으로는 판매 대상 상품과 유통 채널(정규 매장/플리마켓/온라인 중 주력)이 불명확해 코드 지정 불가.,OK,,,,,
D0137,정보부족,생활서비스(미용·수리·세탁 등),구독형 홈케어 플랫폼(가사도우미·소형가전 점검·정원 손질 등 집안 전반 관리 연결 서비스),"맞벌이·1인 가구 증가로 집안 잡일과 소형 가전 고장·정원 관리 등을 한 번에 요청하고 싶은 수요가 있으나, 지역별 신뢰 가능한 인력과 서비스 종류를 한 플랫폼에서 묶어 제공하는 곳이 적음.","사용자는 앱/웹에서 집안 청소, 빨래, 식물·정원 손질, 소형 가전 점검(예: 믹서, 청소기) 등 원하는 서비스를 선택해 구독 또는 단발로 예약. 플랫폼은 서비스 제공자(프리랜서·소규모 업체)를 매칭하고 결제·평가·사후관리(문의·불만처리)를 담당. (무엇을 만들어 팔지: 플랫폼 이용권·중개수수료·프리미엄 구독, 제공자는 가사서비스·정원관리·소형가전 점검 등)",True,,,,정보 부족,"사업 설명이 '집안 전반 관리'로 광범위하여 주수입원이 무엇인지 불명확함. 수입이 플랫폼 중개수수료인지, 자체 고용 인력의 서비스인지, 또는 소형가전 수리(922103/922104)·청소·시설유지(749935) 등 특정 서비스에 치우치는지에 따라 적용되는 업종코드가 달라짐. 추가로 실제 서비스 제공자(전문 수리업체 vs 가사도우미)와 오프라인 점포 유무·정기구독 상품의 법적 성격 등이 필요함.",OK,,,,,
D0138,정보부족,생활서비스(미용·수리·세탁 등),복합 미용·웰니스 공간(헤어컷·네일·얼굴관리·비의료적 체형관리·상품 판매 병행),동네 단골을 목표로 한원스톱 미용·웰니스 매장을 열어 고객이 한 곳에서 컷·염색·네일·간단한 얼굴관리·비의료적 체형관리를 받고 관련 홈케어 제품을 구입하도록 만들고 싶음. 시장에는 단일 서비스 위주의 소형업체가 많아 복합형으로 차별화하려 함.,"오프라인 스튜디오를 운영해 컷·염색·파마 등 두발미용(현장 서비스), 네일·속눈썹·손발톱 서비스, 피부 관리(비의료적), 간단한 체형관리(비의료적 마사지·운동지도)를 제공하고 자체 개발한 샴푸·토너·보습제 등 상품을 매장·온라인으로 판매. 수익은 서비스 요금·제품판매·정기회원권에서 발생.",True,,,,정보 부족,"제시된 서비스가 미용업(930201/930203/930205/930207/930209) 여러 항목을 혼합하고 있어 주된 영업활동(두발미용 중심인지, 피부·체형관리 중심인지, 상품판매가 주요인지)이 불분명함. 또한 체형관리의 범위에 따라 의료성인지 비의료성인지 판별해야 하며, 제품 판매 비중이 크면 도매·소매업 코드도 고려되어야 함. 따라서 현재로선 정확한 업종코드를 특정하기 어려움.",OK,,,,,
D0139,정보부족,생활서비스(미용·수리·세탁 등),모바일 전자기기 방문수리·매입·리퍼브 판매 사업(노트북·스마트폰·가전 리퍼브 유통 포함),중고·고장 전자기기를 집에서 바로 수리·매입해 리퍼브로 재판매하는 원스톱 서비스를 제공하면 시간 부족한 소비자와 저렴한 대안을 찾는 수요를 동시에 만족시킬 수 있음.,고객이 앱으로 방문수리 요청 또는 기기 매입신청을 하면 기술자가 방문해 현장수리(간단한 부품교체·진단) 또는 수거 후 수리·클리닝·리퍼브 처리 후 온라인몰·직영매장에서 재판매. 수익원은 수리비·매입·리퍼브 판매·부품교체 서비스 등.,False,,,,정보 부족,"업무 범위가 방문수리(현장 서비스), 전자기기 수리(922103 또는 725000), 중고 매입 및 재판매(도·소매 성격), 폐기물 처리(재활용 관련) 등으로 혼재되어 있어 단일 업종코드 지정이 불명확함. 방문 위주의 서비스인지, 매장(수리센터/리퍼브 샵) 운영 비중이 높은지, 수리 대상 품목(컴퓨터·통신기기·가전 중 어떤 품목이 주인지) 등의 추가 정보가 필요함.",OK,,,,,
D0140,정보부족,제조·가공,"Q1: 친환경 혼합소재 홈데코 소품 제조·판매
Q3: 플라스틱 규제와 친환경 트렌드로 재생소재·천연소재로 만든 소형 인테리어 소품(컵받침, 소형선반, 조명갓 등)에 대한 수요가 늘고 있음. 카페·소형 상점 대상 도매와 온라인 직판으로 초기 매출을 내고 싶음.
Q4: 대나무·코르크·재생플라스틱 펠릿을 혼합해 성형 또는 적층하여 컵받침, 벽걸이 선반, 조명갓 등 소품을 만들고, 표면 마감(도장/오일)과 간단한 조립을 거쳐 자사 브랜드와 도매(카페·공방)로 판매함. 일부 제품은 주문제작으로 디자인 커스터마이즈 제공.
Q5: true","친환경·소규모 인테리어 소품 수요 증가, 온라인·도매 판매로 빠른 시장 진입 가능","대나무·코르크·재생플라스틱을 혼합해 소형 홈데코 소품을 성형·마감·조립하여 자사브랜드와 도매로 판매, 일부 주문제작 제공",True,,,,정보 부족,"제품 소재(목재·플라스틱·코르크 혼합)와 제조공정(성형·적층·목공·플라스틱 가공 등)이 혼재되어 있어 어느 제조업 코드에 속하는지 불명확함. 조명같이 전기부품이 들어가는지, 주된 재료가 목재류인지 플라스틱류인지 등 핵심 정보가 없어 업종 코드 특정 불가.",OK,,,,,
D0141,정보부족,제조·가공,"Q1: 주문제작 가죽·천 액세서리(지갑·파우치·벨트) 제조·판매
Q3: 소량 맞춤형 수요(이니셜 각인, 컬러·재질 선택) 증가로 온라인 주문 기반으로 시작하려 함. 공방 기반 소량 생산으로 단가 높게 책정 가능.
Q4: 수입한 가죽·천을 재단·봉제·마감해 지갑·파우치·벨트 등 액세서리를 제조하고, 금속 장식(버클·지퍼) 부착 및 간단한 수선·커스터마이징 서비스를 제공. 온라인 직판과 팝업 판매 병행.
Q5: false",개인화된 소량 제조 수요 증가로 공방형 제조 판매 가능,구입한 가죽·원단을 재단·봉제·마감하여 주문제작 액세서리를 제작·판매하고 금속 장식 부착 및 커스터마이즈 서비스 제공,False,,,,정보 부족,원재료를 직접 무두질·처리하는지(원피 가공 포함) 아니면 구매한 가죽을 절단·봉제만 하는지 불명확하여 '가죽 제조업(무두질 등)'인지 '의복·가죽제품 가공'인지 판별 불가. 또한 금속장식 제조 여부나 부품 조립 정도 등에 대한 정보가 부족함.,OK,,,,,
D0142,정보부족,제조·가공,"Q1: 식물성 추출물 기반 원료(농축액/분말) 개발 및 뷰티·건강제품용 OEM 납품
Q3: 천연·기능성 성분을 찾는 소규모 브랜드 증가로 원료·소량 OEM 수요가 있음. 원료 추출·농축 후 소량 포장해 납품하거나 완제품 소량 OEM으로 수익을 만들고자 함.
Q4: 허브·과실 등 식물성 원료를 수매해 용매추출·농축·건조(분말화) 과정을 거쳐 원료 농축액·분말을 제조하고, 고객사 레시피에 따라 소량 완제품(에센스·토너·건강보조제 캡슐 등)도 OEM 생산하여 납품함.
Q5: false",천연 원료·소량 OEM 수요 증가로 추출·원료 납품 사업으로 진입 가능,식물성 원료를 추출·농축·분말화하여 원료로 납품하거나 고객사 주문에 따라 소량 완제품 OEM(화장품·건강제품)을 생산·납품,False,,,,정보 부족,"최종제품이 화장품인지 건강기능식품인지, 또는 단순 원료 추출·판매인지에 따라 적용되는 업종 코드가 달라짐(예: 건강기능식품 제조업 등). 또한 사용하는 공정(화학합성/발효/단순 추출)과 제품 형태(시약·원료 vs 소비자용 완제품)가 명확하지 않아 업종 특정 불가.",OK,,,,,
D0143,정보부족,농업·스마트팜,"스마트팜 통합관리 플랫폼(농장 모니터링 대시보드, 농업 IoT 연동) 구축",중소규모 농가들은 센서·기계는 도입했지만 데이터를 통합·분석해 작물별로 제어하는 시스템이 없어 생산성 향상과 병충해 예측에 어려움을 겪음. 또한 스마트팜 초기비용과 유지보수 방법을 몰라 도입이 지연되는 시장 기회가 존재함.,"온실·시설재배에 설치하는 온도·습도·CO2·관수 센서와 카메라를 연동한 클라우드 대시보드를 개발하고, 농장별 원격제어·알림·데이터분석 리포트를 제공한다. 플랫폼 구독료, 설치대행(현장셋업), 데이터분석 컨설팅을 통한 매출을 계획한다고 설명함(구체적 과금방식·주요판매대상 미기재).",False,,,,정보 부족,"하드웨어 판매(기기 제조 또는 유통), 설치 서비스, 소프트웨어 구독, 또는 단순 컨설팅 중 어떤 활동이 주수입원인지 특정 불가. 해당 활동에 따라 292100(기계제조), 014302(작물재배 지원 서비스) 또는 IT·서비스 업종 등에 해당될 수 있으나 설명이 모호하여 코드 지정 불가.",OK,,,,,
D0144,정보부족,농업·스마트팜,도심형 소규모 수경재배 체험농장 및 농산물 직거래,"도시민들의 신선농산물에 대한 수요와 체험형 교육 니즈가 늘고 있으며, 소규모로도 연중 생산 가능한 수경재배에 관심이 높음.","지하 또는 실내 공간에 수경재배 모듈을 설치하고 방문객 대상 체험프로그램(교육·워크숍)과 구독형 채소 정기배송을 병행한다고 설명함. 또한 현장 방문 예약과 소량 직거래 마켓을 운영할 계획이라고 하나, 체험료·농산물 판매 비중과 주된 영업활동(교육업? 시설재배 판매?)을 명확히 밝히지 않음.",True,,,,정보 부족,"시설 내 작물 재배를 통한 생산·판매인지, 교육·체험이 주된 매출원인지 불분명. 작물 생산·판매라면 011008(시설 재배)이나 522040(소매), 교육·체험 위주라면 서비스업 성격으로 분류될 수 있어 코드 지정 불가.",OK,,,,,
D0145,정보부족,농업·스마트팜,드론·멀티스펙트럼 센서 기반 농작물 정밀진단 및 데이터판매,"광범위 농지의 병해충·수분 스트레스 모니터링이 비용·시간상 부담이며, 정밀 진단 데이터를 기반으로 작물관리 의사결정을 지원하면 농가 비용 절감 가능성 있음.","드론 촬영(멀티스펙트럼)과 지상 센서 데이터를 결합해 작물별 스트레스 맵을 생성하고, 진단 리포트와 처방형 가이드를 농가에 제공하거나 유통업체·농자재사에 데이터 판매를 한다고 설명함. 다만 드론 운용 직접대행인지 데이터 플랫폼 구축·구독인지, 장비 판매인지 명확히 기재되어 있지 않음.",False,,,,정보 부족,"현장 대행 서비스(014302 성격)인지 데이터·컨설팅 판매인지, 또는 드론·센서 장비의 제조·판매(292100 등)인지에 따라 전혀 다른 업종코드가 적용될 수 있으나 제시된 설명만으로는 주된 수익모델과 활동을 특정할 수 없어 코드 미지정.",OK,,,,,
D0146,정보부족,앱·플랫폼·소프트웨어,지역 소상공인 통합 운영/마케팅 플랫폼 앱(예약·멤버십·결제·데이터리포트 제공),"동네 카페·미용실·학원 등 소규모 상점들은 자체 예약·멤버십·간편결제·마케팅 기능을 비용 부담 적게 통합해서 쓰고 싶어함. 개별 POS/결제·마케팅 대행 비용이 높고, 고객 데이터가 흩어져 있어 고객 유지와 교차판매가 어려움.","모바일/웹 앱과 관리용 대시보드 개발. 사업자는 월 구독으로 예약·멤버십·쿠폰·간편결제(QR/POS 연동) 기능을 이용하고, 플랫폼은 가게별 매출 리포트와 로컬광고 슬롯을 판매. 추가로 온보딩·POS 설치 등 현장 서비스(선택적) 제공. 수익은 구독료, 광고료, 결제/거래수수료, 온보딩 서비스 요금으로 발생.",False,,,,정보 부족,"사업 아이템은 소프트웨어(앱·대시보드)와 오프라인 연계 서비스(POS 설치, 온보딩), 결제·광고·구독 등 복합 수익모델을 섞어 설명하고 있어 단일 업종으로 특정 불가. 후보 목록에서 가능한 근접 코드로는 응용소프트웨어 개발(722000), 전자상거래 중개(525103), 포털/인터넷정보(642004) 등이 있으나 실제로는 SaaS 제공인지 중개(광고·거래 중개)인지, 결제대행·하드웨어 설치를 직접 수행하는지 등에 대한 정보가 없어 코드 지정 불가하다.",OK,,,,,
D0147,정보부족,앱·플랫폼·소프트웨어,AI 기반 업무자동화 툴 겸 개발자·컨설팅 매칭 플랫폼,중소기업들이 반복 문서작성·데이터정리·간단한 RPA 업무를 자동화하고 싶지만 내부 개발자 없이 비용·속도가 문제. 한편 프리랜서 개발자·분석가들은 단편적 과제 수주 채널이 부족함.,"클라우드에서 동작하는 SaaS형 AI 도구(템플릿 라이브러리, API 연동)와, 플랫폼 내에서 맞춤 개발이 필요한 경우 프리랜서/에이전시와 프로젝트를 연결해 주는 마켓플레이스를 운영. 수익은 SaaS 구독, 마켓플레이스 커미션, 맞춤 개발 용역 수수료로 발생. 개발·배포는 자체 앱과 관리포털을 통해 이루어짐.",False,,,,정보 부족,"설명에 소프트웨어 개발·공급(722000) 요소와 플랫폼형 중개(525103 또는 749903 사업·무형재산권 중개 유사) 요소가 혼재되어 있음. 또한 직접 개발·용역을 수행하는지 아니면 단순 매칭·중개만 하는지, 제공 서비스가 순수 소프트웨어인지 컨설팅·인력중개인지 명확하지 않아 후보 코드 중 어느 하나로 단정하기에 정보가 부족하다.",OK,,,,,
D0148,정보부족,앱·플랫폼·소프트웨어,크리에이터 디지털 굿즈·NFT 마켓플레이스 앱(디지털 상품·멤버십·2차거래 지원),"콘텐츠 제작자들은 디지털 굿즈(굿즈 이미지, 음원 샘플, 디지털 굿즈권)를 팬에게 직접 판매하고 싶어하지만 결제·저작권 관리·2차거래 지원이 복잡함. 플랫폼화하면 팬과 제작자가 직접 거래할 수 있는 새로운 수익원을 만들 수 있음.","웹/모바일 플랫폼을 통해 크리에이터가 디지털 굿즈를 등록·판매하고, 플랫폼은 지갑 연동·결제(암호화폐 및 페이먼트 게이트웨이), 2차거래(중개 기능) 및 프리미엄 멤버십을 제공. 수익은 거래수수료, 상위멤버십 월사용료, 온체인 가스비 수익(또는 중개수수료) 등으로 발생. 플랫폼은 콘텐츠 호스팅과 검색·추천 기능을 제공.",False,,,,정보 부족,"서비스에는 디지털상품 유통(마켓플레이스), 가상자산(토큰/NFT) 매매 및 지갑·결제 기능, 콘텐츠 플랫폼(포털) 요소가 섞여 있음. 후보 코드 중 가상자산 매매(724002), 포털/인터넷정보(642004), 응용소프트웨어 개발(722000) 등이 적용될 가능성이 있으나, 실제로 플랫폼이 단순 중개인지(마켓플레이스), 자체적으로 가상자산을 취급·보관·환전하는지, 또는 단순 콘텐츠 호스팅인지 등 핵심 운영·수익 구조가 불명확해 코드 지정이 불가능함.",OK,,,,,
D0149,정보부족,교육·콘텐츠,AI 기반 영어 회화 연습 앱 + 영상 콘텐츠 구독 서비스,짧은 시간에 회화 연습할 기회가 부족한 직장인·유학생 수요가 늘고 있음. 개인 맞춤형 연습과 피드백을 원하는 수요가 존재함.,"AI 챗봇을 통한 실시간 회화 연습 기능(음성 인식·발음 피드백), 주제별 5~10분 분량의 영상 레슨, 주기적 라이브 튜터 세션을 하나의 구독형 앱으로 제공하고 추가로 1:1 튜터링을 유료로 판매한다.",False,,,,정보 부족,"사업 설명은 제품(앱, 영상)과 서비스(1:1 튜터링)를 섞어 제시해 어떤 업종코드(온라인교육 809016, 학원강사 940903, 1인미디어 940306, 미디어콘텐츠 921505 등)가 적합한지 불분명하다. 수익구조(구독 VS 강사 고용/프리랜서 매칭), 대상 연령·교육과정 성격(일반 회화인지 시험 대비인지), 자체 강사 고용 여부 등 핵심 정보가 빠져 업종 특정 불가.",OK,,,,,
D0150,정보부족,교육·콘텐츠,월간 어린이 창의력 놀이 교구 키트 제작·구독 + 유튜브 활동 영상,코로나 이후 집에서 하는 부모 주도 놀이·교육 수요 증가. 손쉽게 창의 활동을 제공하는 구독형 키트 시장 확대 가능.,"매달 주제별(과학·미술·공학) DIY 교구 키트(완성품 및 재료, 활동지 포함)를 제작해 구독자에게 배송하고, 각 키트별 사용법·확장 활동 영상을 유튜브와 회원 전용 플랫폼에 올려 광고·후원·키트 판매로 수익을 얻는다. 오프라인 팝업 워크숍을 간헐적으로 운영할 수도 있음.",False,,,,정보 부족,"사업에는 제조(교구 제작), 출판(활동지 PDF), 온라인 영상 제작(유튜브), 교육(워크숍) 요소가 혼재되어 있어 단일 업종 코드 지정이 어렵다. 제조와 유통 방식, 워크숍의 정기성(학원형 교육인지 단발 이벤트인지), 교육 대상 연령 및 주요 수익원(교구 매출 vs 영상 광고)이 명시되지 않아 정보 부족.",OK,,,,,
D0151,정보부족,교육·콘텐츠,기업 맞춤형 직무 역량 강화 워크숍 + e러닝 패키지 제작·판매,비대면·디지털 전환으로 직원 재교육 수요가 커짐. 기업별 맞춤형 콘텐츠와 현장 워크숍 수요가 병존함.,기업 니즈 분석 후 강사 파견형 오프라인 워크숍(팀빌딩·데이터 리터러시 등)과 기업 전용 LMS에 탑재 가능한 녹화 강의 패키지를 제작해 B2B 계약으로 판매한다. 패키지 제작비·구독형 유지보수(콘텐츠 업데이트)로 수익 창출.,True,,,,정보 부족,"사업은 교육 제공(학원·학습기관 성격, 809002/809018), 교육컨설팅(930921), 또는 기업용 콘텐츠 제작(921505) 중 어느 범주에 해당하는지 불명확하다. 주요 고객(개인 대상인지 기업 대상인지), 강사 고용형태, 정기적 교육기관 등록 여부 등이 누락되어 업종 판정이 불가능함.",OK,,,,,
D0152,복합,카페·음식점,스페셜티 커피 전문 카페(매장 운영) + 자체 로스팅·포장한 원두 제조·도매,"로컬 소비자들 사이에서 싱글 오리진·스페셜티 원두 수요는 증가하지만, 인근 지역에는 소량으로 신선하게 로스팅해 소매·도매로 공급하는 곳이 적음. 카페 한 공간에서 체험(테이스팅)과 즉석 음료 매출을 만들면서, 자체 브랜드 원두 패키지와 B2B 납품으로 수익을 다각화하면 안정적 마진 확보가 가능함.","도심 상권의 40석 규모 매장에서 에스프레소·필터커피(싱글 오리진), 메뉴(라떼·콜드브루·계절 스페셜)를 제공(매장 판매, 테이크아웃). 매장 내 소형(15~30kg) 드럼 로스터 설치로 생두를 소량 로스팅해 200g/1kg 포장 판매 및 온라인 정기구독(주간/월간)을 운영. 또한 품질이 검증된 로스트럭을 통해 주변 소형 카페·레스토랑에 5~20kg 단위로 도매 공급. 매장 매출은 음료·푸드(간단 베이커리 포함), 제조 매출은 포장원두 판매(온라인·매장)와 도매 납품으로 구분되어 각기 별도 회계처리가 가능함.",True,552303,커피 전문점,154901,주요 매장 영업(손님에게 직접 제공하는 커피 음료·접객시설)이 552303(커피 전문점)에 해당. 매장에서 원두를 로스팅·포장하여 제조·판매 및 외부에 도매 공급하는 활동은 154901(커피 가공업)에 해당.,"창업의 주된 고객 접점과 서비스는 카페(접객시설에서 커피 음료 제공)이므로 커피 전문점(552303)을 주업종으로 보고, 원두를 가공(로스팅·포장)하여 상품으로 제조·판매·도매하는 독립적 수익활동이 있어 커피 가공업(154901)을 보조업종으로 선택함. 후보 코드 정의에서 552303은 접객시설을 갖춘 커피 제공업, 154901은 커피 가공품·조제식품 제조로 일치함.",OK,1,,,,
D0153,복합,카페·음식점,테이크아웃·배달 중심의 헬시 주스 카페 + 병입 콜드프레스 주스 제조·유통,"오피스·헬스클럽 밀집 지역에서 신선한 저당·비가열 콜드프레스 주스와 간편한 건강식 샌드위치 수요가 높음. 동시에 편의점·호텔·기업 구내식당에 납품할 수 있는 소포장 병입 주스의 유통채널이 필요함. 매장 판매로 브랜드 인지도를 쌓고, 병입 제품의 도매·온라인 구독으로 확장하면 안정적 대량 판매가 가능함.","30㎡ 내외의 매장에서 테이크아웃·단체 주문(오피스)·앱배달 중심으로 신선한 콜드프레스 주스(250ml 병), 스무디, 샌드위치(통곡물 브레드·단백질 옵션)를 판매. 별도 위생구역(소형 제조실)을 갖춰 하루 생산량 200~500병 규모의 냉장 병입 라인을 운영(진공충진 또는 HPP 협업 가능). 제조된 병입 주스는 편의점·로컬 마트·헬스클럽·카페에 도매 공급하고, 기업 정기공급·온라인 정기구독(주간)으로 부가 매출 창출. 매장 매출(테이크아웃/배달)과 병입 주스 제조·도매는 독립적 수익원으로 운영.",True,552307,기타 비알코올 음료점업,155401,매장에서 접객시설(판매·테이크아웃·배달)로 주스와 음료를 만들어 제공하는 활동은 552307(기타 비알코올 음료점업)에 해당. 별도 제조실에서 병입하여 유통·도매하는 콜드프레스 주스 생산은 155401(기타 비알코올 음료 제조업)에 해당.,주요 고객 접점이 매장(테이크아웃/배달)이며 현장에서 음료를 만들어 제공하므로 552307을 주업종으로 판단함. 동시에 병입·유통을 통해 외부 소매·도매 시장에 공급하는 별도 제조활동이 존재하므로 비알코올 음료 제조업(155401)을 보조 업종으로 지정하는 것이 후보 코드 정의와 부합함.,검색23위,23,,,,
D0154,복합,소매(오프라인·온라인),전통·스페셜티 차(티) 전문 소매 및 소형 티룸 운영,"도심 소규모 소비자는 가정에서 즐길 수 있는 고품질·단일 원산지 차와 함께 즉석에서 시음할 수 있는 공간을 원함. 또한 차 문화가 되살아나며 찻잔·다구 같은 고급 도자기 상품 수요가 늘고 있고, 관광객·선물 수요로 소포장 차(100g 단위) 판매 기회가 존재함.","매장(10~12석)에서 싱글 오리진·전통차 테이스팅(잔 단위 및 테이스팅 세트)을 제공하고, 자체 블렌딩 및 소포장(100g, 250g)으로 포장한 차를 소매한다. 또한 한국·일본·국내 도예 작가의 찻잔·티포트·도자기 다구와 유리 티웨어를 수입·위탁 제작하여 매장 및 온라인으로 병행 판매한다. 정기 유료 티 클래스(소규모 워크숍)와 선물세트 제작·포장 서비스로 부수입을 창출한다.",True,522093,음료 소매업,523422,"주 매출은 매장에서 제공하는 음료(차) 및 포장차 판매가 중심이므로 음료 소매업(522093)을 주업종으로 설정하고, 찻잔·티포트 등 도자기·주방용품 소매 활동은 주방용품 및 가정용 유리·요업제품 소매업(523422)을 보조업종으로 지정.","매장 내 즉석 제공과 포장 차(음료류) 판매는 '음료 소매업' 코드에 부합하며, 도자기·유리 제품의 소매는 '주방용품 및 가정용 유리·요업제품 소매업' 코드와 직접 대응되어 복합(음료 제공+용품 소매) 성격을 잘 반영함.",검색63위,63,,,,
D0155,복합,소매(오프라인·온라인),중고 자동차 부품 매매·검수 판매와 신품 타이어 병행 판매·교체 서비스,"중고차·구형 차량 소유자는 정품 중고 부품을 찾기 어렵고, 지역 정비업체는 신속한 부품 공급처가 필요함. 동시에 타이어 교체 수요(신품 판매 및 장착 서비스)는 꾸준하여 안정적 현금흐름을 기대할 수 있음.","오프라인 매장(작업장 포함)과 온라인 재고 목록을 통해 사고·해체·검수한 중고 엔진 부품(헤드, 밸브, 트랜스미션 부속), 내장 부품(시트, 대시보드, 내장 패널) 등을 수리·리퍼 후 소매 판매한다(주수익). 병행하여 신품 타이어·튜브 재고를 갖추고 타이어 판매 및 매장 내 교체·밸런스 서비스를 연계한 판매로 별도 수익을 창출한다. 중고 부품의 수거·매입·상호 교환 프로그램을 운영해 재고 회전율을 높임.",True,503003,자동차 중고 부품 및 내장품 판매업,503001,"주요 매출원이 중고 부품의 매매 및 판매이므로 '자동차 중고 부품 및 내장품 판매업'(503003)을 주업종으로, 신품 타이어·튜브 판매는 별도 전문 코드인 '자동차 신품 타이어 및 튜브 판매업'(503001)을 보조업종으로 지정.",사업이 중고 부품 소매를 핵심으로 하며 타이어 신품 판매·교체를 병행하는 복합 구조이므로 각각의 품목군에 대응하는 두 개의 자동차 부품 관련 업종코드를 선택함으로써 실제 수익구조를 정확히 반영함.,OK,3,,,,
D0156,복합,생활서비스(미용·수리·세탁 등),코인세탁(셀프+위탁 수거)과 의류·린넨 맞춤수선(재봉·지퍼·단추교체)을 함께 제공하는 원스톱 세탁·수선 라운드,아파트 단지·원룸 밀집 지역에 세탁소는 있지만 수선(지퍼·단추·기장수선 등) 서비스가 별도로 없어 고객이 세탁물 맡길 때 수선까지 한번에 처리하길 원함. 바쁜 1~2인 가구와 공유숙박업체(게스트하우스)에서 수거·배달과 소량 맞춤 수선 수요가 꾸준히 발생함.,"오프라인 매장에 셀프 코인세탁기·건조기 및 전문 위탁 세탁 라인(프리미엄 코스)을 설치하고, 동일 공간에 숙련 재봉사가 상주하는 수선 창구를 둠. 고객은 세탁물 맡길 때 기장 수선, 지퍼 교체, 단추 다시달기, 구멍 메우기 등 소수선 옵션을 추가 가능. 앱/문자 기반 픽업·배달(정기 수거 구독)과 빠른 익일 EXPRESS 수선 요금제를 운영해 추가 수익을 창출. 수선용 부자재(지퍼, 단추, 수선키트) 소매 판매도 병행.",True,930100,가정용 세탁업,922105,"주수익은 가정용 세탁업(코인·위탁 세탁 및 배달)으로 분류하고(930100), 부수익·독립 서비스로 의류 및 직물 수선(재봉, 지퍼·단추 교체 등)을 922105로 분류함. 각 활동은 별도 가격표·영수증으로 독립 수익 관리 가능.","세탁(수거·세탁·건조·배달 및 코인셀프 운영)은 가정용 세탁업(930100)에 해당하며, 의류 수선·수정·직물 수리 등은 의복 및 기타 가정용 직물제품 수리업(922105)에 해당하므로 복합업으로 두 코드를 모두 적용함. 세탁이 주요 수익원이고 수선이 부수적 독립사업이므로 930100을 주(primary), 922105를 보조(secondary)로 선택함.",OK,1,,,,
D0157,복합,생활서비스(미용·수리·세탁 등),노트북·PC 수리·업그레이드(매입·리퍼비시 포함) + 스마트폰·가전 소형 전자기기 수리 전문점,"중·소도시에 노트북·데스크탑 수리와 스마트폰·소형 가전 수리를 동시에 신뢰성 있게 해주는 샵이 부족함. 대학생·프리랜서·소상공인의 중고·리퍼비시 수요가 크고, 기업 고객의 소량 기기 유지보수(정기 점검·부품 교체) 계약 수요도 존재함.","오프라인 수리점에서 PC·노트북 진단·메인보드·전원부 수리, SSD/HDD 교체·메모리 업그레이드, 데이터 복구 서비스를 제공하고, 수리 과정에서 재생 가능한 기기는 리퍼비시해 매입·정비 후 중고로 판매. 같은 매장 내에서 스마트폰(액정·배터리 교체), 태블릿, 소형 전자기기(블루투스 이어폰 등)의 수리도 병행해 부품 재고를 공유. 또한 소기업 대상 정기 유지보수 계약(월별 점검, 원격 지원)에 따른 B2B 수익을 확보함.",True,725000,컴퓨터 및 주변 기기 수리업,922103,"주수익은 컴퓨터·주변기기 수리(노트북/데스크탑 진단·수리·업그레이드·리퍼비시 판매)로 725000, 부수익 및 별개 서비스로 전기·전자·정밀기기(스마트폰·태블릿·소형 가전) 수리를 922103으로 분류함.","컴퓨터·노트북의 전문 수리·유지·리퍼비시 판매 활동은 '컴퓨터 및 주변 기기 수리업'(725000)에 적합하고, 스마트폰·태블릿·정밀 전자기기 수리 활동은 '전기·전자 및 정밀 기기 수리업'(922103)에 해당함. 두 활동은 서로 다른 독립적 수익원(수리·부품판매·중고판매·B2B 유지보수 계약)을 가지므로 복합 사업으로 725000을 주(primary), 922103을 보조(secondary)로 지정함.",OK,1,,,,
D0158,복합,제조·가공,소형·중형 실내용·외용 섬유보강 콘크리트 화분·벤치·가구 제조 및 맞춤 친환경 판지 포장박스 소량 주문생산 판매,"도심 소규모 조경업체와 인테리어 샵은 무거운 콘크리트 화분·가구를 소량 맞춤 주문으로 원하지만, 대량생산품은 디자인과 내구성이 떨어지고 운송 중 파손 방지를 위한 맞춤 포장 수요가 많다. 또한 지역 공방·소형 제조업체들은 지속가능한 소량 맞춤 포장재를 확보하기 어렵다.","작업장(소규모 몰드·진공진공성형·진동·양생 라인)을 갖추고 섬유(유리섬유·섬유보강제) 혼합 콘크리트로 디자인 화분, 실내외 벤치, 테라스용 가구 등 주문제작 제품을 제조·직판(온라인·B2B 도매 포함)한다. 동시에 자체 소형 골판지 재단·접착·인쇄 설비를 들여 제품별 맞춤 완충 인서트가 포함된 친환경 판지 상자(포장박스)를 소량 주문생산하여 자사 제품 포장에 사용하고, 외부 공방·가구업체·전시업체 등에 B2B로 판매하여 별도 수익을 창출한다.",True,269506,그 외 기타 콘크리트 제품 및 유사 제품 제조업,210201,"주수익은 콘크리트 제품 제조(화분·가구)이고, 부수익으로 판지 상자(맞춤 포장) 소량 주문제작·판매를 병행하는 복합형 사업.","269506(그 외 기타 콘크리트 제품 및 유사 제품 제조업)은 장식용·가구형 콘크리트 제품(화분, 벤치 등) 제조에 적합하고, 210201(판지 상자 및 용기 제조업)은 맞춤 판지 포장용기 제조로 정확히 대응되므로 주·부 업종으로 분리 적용 가능함.",검색32위,32,,,,
D0159,복합,제조·가공,COB·SMD 기반 고효율 LED 모듈 조립형 조명기구(다운라이트·바 조명) 제조 및 LED 칩·모듈 소형 도매 공급,"중소형 상업공간·카페·리모델링 업체는 고효율 저발열 소형 조명기구를 소량으로 빠르게 납품받기를 원하지만, 조명기구 제조사들은 최소발주량(MOQ)과 납품기한 때문에 소규모 프로젝트 대응이 어렵다. 동시에 조명 설계·DIY 제작자들은 소형 LED 칩·모듈의 국내 소량 구매처가 부족하다.","소형 생산라인에서 COB·SMD LED를 기반으로 전용 드라이버, 방열구조, 렌즈를 조립해 다운라이트·랙·바형 조명기구와 모듈 형태 제품을 제조·납품(브랜드 제품 및 ODM/B2B)한다. 병행해 자체 검수·패키징한 LED 칩·소형 모듈(바·패키지화된 모듈)을 소량 단위로 전자부품상, 조명설계사, 소규모 조명업체에 도매로 공급하여 별도 매출을 확보한다. 온라인 주문·기술지원 포털과 샘플·소량 판매를 통한 빠른 납품을 핵심 경쟁력으로 삼는다.",False,315005,기타 조명장치 제조업,321004,"주된 사업은 조명기구(완제품) 제조(315005)이며, 병행하여 LED 소자·모듈(부품) 제조·도매(321004)를 통해 독립적 추가 수익을 얻는 구조.","315005(기타 조명장치 제조업)은 완제품 조명기구(드라이버 결합 유무 포함)의 제조에 적합하고, 321004(발광 다이오드 제조업)은 LED 소자·칩·모듈을 제조하여 부품 도매로 판매하는 활동을 직접 반영하므로 두 코드의 복합 적용이 타당함.",OK,6,,,,
D0160,복합,농업·스마트팜,도심형 수직 수경재배로 키운 마이크로그린·샐러드 직영 카페 운영,"도심 내 신선 채소(마이크로그린, 베이비리프)에 대한 수요는 늘었지만, 유통 과정에서 신선도와 공급 안정성이 떨어지고, 레스토랑·카페로의 소량·정기 납품이 어렵다. 또한 소비자들은 신선한 샐러드를 빠르게 먹을 수 있는 장소를 원함.","도심 창고형 시설에서 LED 수경 수직재배 시스템으로 마이크로그린, 베이비리프, 허브(바질, 민트)를 연중 생산(주간·소량 다품종, 자동화 관비·환경제어). 생산물은 (1) B2B 정기 납품: 근처 레스토랑·샐러드 전문점에 포장 납품(주단위 정기계약) 및 신선도 보장(냉장 배송), (2) 직영 오프라인 카페: 같은 건물 1층에 샐러드·샌드위치·스무디를 판매하는 소형 서양식 카페 운영으로 즉석 소비 유도. 추가로 소량 소포장 온라인 직판(구독 박스)을 병행해 매출 다각화.",True,011008,"채소, 화훼 및 과실작물 시설 재배업",552104,"시설 내에서 채소류(마이크로그린·허브)를 재배하는 활동을 주사업(011008)으로 보고, 현장에서 조리·제공하는 카페 운영은 서양식 음식점업(552104)으로 분류함.","주수익은 온실/시설 기반의 채소 재배(시설 재배업 코드 011008)에 해당하며, 별개로 소비자에게 조리된 샐러드·음료를 제공하는 카페는 음식점업(552104)으로 독립적 수익 활동이므로 두 코드 병기. 재배와 조리·판매가 각각 독립된 매출원으로 운영됨.",검색밖,,,,,
D0161,복합,농업·스마트팜,스마트 관망형 딸기 농장 + 팜스탑(직판장) 및 체험·수확 행사,"딸기 농산물은 신선도가 중요한데, 소규모 농가는 유통망에서 가격변동과 판로 확보에 어려움을 겪음. 도시 소비자들은 농장 체험·직거래를 통한 신뢰성 있는 농산물 구매를 선호함.","스마트 센서(토양·환경·관수 자동화)와 저온저장 시스템을 도입한 야외·시설 복합 딸기 재배(품종: 설향·매향). 수익 모델은 (1) 농산물 생산 및 도매·소매: 계절 중 도매 납품과 자체 팜스탑에서 신선 딸기·선물세트·간단 가공품(냉동딸기 소포장) 직접 판매, (2) 체험 프로그램·유료 수확 체험(유치원·가족 대상 예약형)으로 입장료·체험비 수익 창출. 온라인 예약과 택배 배송 병행.",True,011004,과실작물 재배업,522040,"딸기 재배는 과실작물 재배업(011004)으로 분류하고, 농장에서 직접 소비자에게 신선 과일 및 관련 상품을 판매하는 팜스탑·직판은 채소·과실 소매업(522040)으로 분류함.","주된 생산활동은 노지·시설을 통한 과실작물 재배(딸기)이므로 011004를 적용하고, 별도로 운영하는 농장 직판장·소매판매(현장판매 및 소포장 과실 판매 등)는 소매업(522040)에 해당하여 복합업종으로 두 코드가 적절함.",검색55위,55,,,,
D0162,복합,앱·플랫폼·소프트웨어,지역 소상공인 대상 예약·리뷰·SNS연동 로컬커머스 플랫폼(앱) + 상점용 SaaS 유료구독,"동네 카페·맛집·미용실 등 소상공인은 자체 예약·재고·프로모션 관리 시스템이 없어 SNS DM·전화로 예약·주문을 처리하고, 소비자는 가게 정보·신뢰도·즉시 구매 수단이 분산되어 있어 반복 방문·즉시 구매 전환율이 낮음. 소상공인의 디지털화 수요는 높으나 전담 인력이 부족하고, 광고비는 부담스러움.","모바일·웹 앱을 통해 소비자에게 지역 가게 검색·리뷰·실시간 예약·테이크아웃·간편결제·SNS 공유 기능을 제공하고, 가게별 프로모션·쿠폰을 노출해 즉시 구매 전환을 유도한다(수익: 거래 수수료·유료 프로모션 광고). 동시에 가맹 소상공인 대상 클라우드 기반 SaaS를 월구독으로 제공하여 예약·테이블관리·재고·간편정산·SNS 연동(인스타그램 샵/페이스북 등) 기능을 제공하고 온·오프 프로모션을 관리할 수 있게 한다(수익: 구독료, 온보딩·교육 수수료). 오프라인 매장은 운영하지 않음(플랫폼/서비스만 제공).",False,722000,응용 소프트웨어 개발 및 공급업,525103,Primary: 응용 소프트웨어 개발 및 공급업(모바일/웹 플랫폼·SaaS 개발 및 공급). Secondary: 전자상거래 소매 중개업(SNS 연동을 통한 소비자 대상 상품·서비스 소매 중개 및 거래 수수료).,앱·SaaS 개발과 공급이 핵심(722000). 소비자와 소상공인 사이에서 상품·예약·결제를 중개하고 SNS를 통한 소매거래를 주선하므로 전자상거래 소매 중개업(525103)이 부수적 수익활동에 해당한다.,검색밖,,,,,
D0163,복합,앱·플랫폼·소프트웨어,모바일 RPG 게임 개발(부분유료화·유저거래) + 게임 아이템 NFT 마켓 및 오프라인 굿즈 팝업 스토어,"모바일 게임 시장에서는 부분유료화(IAP)만으로는 지속적 매출 확보가 어렵고, 유저 간 희귀 아이템 거래·소유권 증명이 가능한 시장 수요가 증가함. 또한 게임 IP 기반 오프라인 굿즈에 대한 팬 수요가 높아 추가 수익 가능성이 존재함.","모바일 게임(부분유료화 기반 RPG)을 개발하여 기본 수익은 유료 아이템·월구독 배틀패스·광고에서 창출한다. 희귀 스킨·무기 등 일부 아이템은 블록체인 기반으로 발행(토큰화)하여 유저 간 P2P 거래가 가능한 마켓플레이스를 운영하고, 마켓에서는 유저 간 거래 수수료·상장수수료를 받는다. 게임 출시 후 시즌별 한정판 굿즈(피규어·티셔츠·스티커 등)를 제작해 팝업 오프라인 스토어에서 판매하고, 매장 구매 시 게임 계정과 연동해 보상(디지털 아이템)을 제공한다(수익: IAP·구독·거래수수료·오프라인 굿즈 매출).",True,722002,모바일 게임 소프트웨어 개발 및 공급업,724002,Primary: 모바일 게임 소프트웨어 개발 및 공급업(모바일 게임 개발·운영). Secondary: 가상자산 매매 및 중개업(블록체인 기반 게임 아이템·가상자산의 매매·중개 서비스 운영).,"게임 자체는 모바일 게임 소프트웨어 개발 및 공급(722002)에 해당하고, 블록체인 토큰화된 아이템의 매매·중개·거래 플랫폼 운영은 가상자산 매매 및 중개업(724002)에 부합하므로 두 코드를 복합으로 적용한다.",OK,1,,,,
D0164,복합,교육·콘텐츠,초등 대상 블록 코딩·로봇 공작 스튜디오(오프라인 학원 + 교재·키트 출판·판매),"초등학생 대상의 실습 중심 STEM 교육 수요는 증가하지만, 학교와 기존 학원은 이론 중심이거나 일회성 체험에 그침. 부모들은 연속된 커리큘럼과 집에서复습할 수 있는 교재·키트를 원함. 지역 기반의 체험형 학원과 자체 학습물로 복수의 수익원을 만들기 용이함.","서울 인근 상가(약 60㎡)에 주 2회 90분 블록 코딩·로봇 공작 오프라인 학원을 운영(방과후반, 주말 워크숍, 방학 캠프). 자체 커리큘럼에 맞춘 교재(워크북, 활동지)와 조립형 로봇 키트(보드, 모터, 센서, 설명서)를 직접 기획·제작·판매. 학원 수업료(월수강료, 캠프 참가비)로 안정적 수익을 확보하고, 온라인몰 및 학부모 대상 단체구매로 교재·키트 도매·소매 판매를 병행. 또한 타 학원·학교에 커리큘럼과 교재를 라이선스 제공하여 B2B 매출도 창출.",True,809013,컴퓨터 학원,221103,"주수익은 오프라인에서 이루어지는 컴퓨터/코딩 학원 운영(수강료, 캠프비 등). 부수익으로 자체 기획한 학습서·워크북과 조립 키트를 출판·판매(개별판매·단체구매·학교 납품).",오프라인에서 정기적으로 코딩·로봇 실습을 가르치는 활동은 '컴퓨터 학원(809013)'에 해당. 자체 기획·인쇄되는 학습지·참고서류와 학습서 성격의 교재 출판·판매는 '교과서 및 학습 서적 출판업(221103)'으로 분류되는 것이 적절함.,OK,1,,,,
D0165,복합,교육·콘텐츠,실무 영어·프레젠테이션 온라인 아카데미(유튜브 쇼츠 + 구독형 라이브 수업·코칭),"취업 준비생 및 직장인은 실무 중심의 짧은 영어 표현·프레젠테이션 연습을 원하지만, 무료 영상은 단편적이고 실전 피드백이 부족함. 고품질 영상 콘텐츠로 유입을 늘리고 유료 라이브·코칭으로 전환하면 복합 수익구조 구축 가능.","전문 제작팀과 함께 실전형 강의 영상을 유튜브(무료 쇼츠·롱폼)와 자체 플랫폼에 업로드하여 광고·스폰서 수익과 잠재 고객을 확보. 별도로 구독 기반 온라인 아카데미를 운영하여 주간 라이브 세션(소그룹 회화·발표 피드백), 모의면접 1:1 코칭, 다운로드 가능한 실전 문제집·프레젠테이션 템플릿을 판매. 기업체 대상 사내 강의 패키지(라이브/녹화 강의 납품)도 병행하여 B2B 매출을 창출.",False,809016,온라인 교육학원,940306,"주수익은 온라인 강의(구독, 라이브 클래스, 1:1 코칭, 기업납품)에서 발생하며 이는 '온라인 교육학원(809016)'에 해당. 부수익은 유튜브·1인 미디어 활동을 통한 광고·스폰서·채널 수익으로 '1인미디어콘텐츠창작자(940306)'로 분류.",강의 콘텐츠를 제작·보유하고 인터넷으로 교육(구독형 라이브 포함)을 제공하는 주된 활동은 '온라인 교육학원(809016)'에 해당. 동시에 유튜브 등 1인 미디어 채널로 공개 콘텐츠를 제작·수익화하는 활동은 '1인미디어콘텐츠창작자(940306)'로 적합하므로 복합 코드로 분류함.,OK,1,,,,
D0166,구어체,카페·음식점,"동네 스페셜티 원두 로스팅+카페, 에스프레소·드립·원두포장·병입 콜드브루 팔거임",동네에 제대로 로스팅해서 소포장·병입까지 해주는 카페가 없음. 집에서 원두·콜드브루 사는 사람 많고 온라인 수요도 큼.,"작은 매장 차려서 매일 소량 로스팅, 매장서 에스프레소·드립 제공하고 로스팅한 원두 200g·500g 소분으로 판매. 자체 병입한 콜드브루(300ml)도 만들어 포장·판매하고 온라인 주문·택배함.",True,552303,커피 전문점,154901,주요 활동은 접객시설을 갖춘 커피전문점(음료 제공)이지만 자체 원두로스팅·가공 및 병입상품을 제조·판매하므로 커피가공업 보조코드 적용.,매장(접객시설)에서 커피 음료를 전문적으로 제공하므로 552303(커피 전문점)이 1차. 원두 로스팅·병입상품 제조(가공)는 154901(커피 가공업)에 해당하므로 보조로 표기.,OK,1,,,,
D0167,구어체,카페·음식점,저온착즙 병입 주스 제조해서 구독배송+카페 납품,신선한 착즙주스 정기배송 원함. 슈퍼·보틀 주스는 첨가물 많고 맛·신선도 떨어짐. B2B 납품 수요도 있음.,소규모 제조공간에서 저온착즙해 냉장 병입한 250ml 주스 만들고 라벨 붙여서 구독형으로 당일·익일배송. 카페·오피스에 정기납품도 함. 포장·보존은 저온살균·단축 유통으로 처리.,False,155401,기타 비알코올 음료 제조업,940907,"주요 활동은 병입한 비알코올 음료(착즙주스) 제조이므로 제조업 코드, 별도로 자체 배송·구독 배송 인력·서비스가 있어 배달원 코드 보조 적용.",병입·조제한 과일·야채 음료를 생산·판매하므로 155401(기타 비알코올 음료 제조업)이 주분류. 소비자·B2B로 직접 배송·배달 서비스를 제공하므로 940907(음료품배달원) 관련 활동을 보조로 적시함.,OK,14,,,,
D0168,구어체,소매(오프라인·온라인),중고가구 리퍼브샵. 소파·식탁 수선해서 배송·설치까지 팔음,이사할때 기성 가구 버려지는거 많고 새거는 비싸서 중고 리퍼브 수요 있음. 친환경·가성비 소비 늘어남.,"온라인(인스타·당근)으로 가구 수거하고 샌딩·도색·방석 재제작해서 매장에 전시·소매. 소액 위탁판매, 수거·배송·설치비 별도 청구로 수익. 기업·카페 납품 소량 주문도 받을 예정.",True,524010,중고 가구 소매업,523311,주 업은 중고 가구를 수집·리퍼브해 판매하므로 '중고 가구 소매업(524010)' 주코드. 리퍼브 후 일반 가구 소매 성격도 있어 보조로 가구 소매 코드(523311) 사용 가능.,실제 주요 활동이 중고 가구를 수집·수선·판매하는 것이므로 중고 가구 소매업 코드가 가장 적합. 매장·설치 등 부가서비스 때문에 일반 가구 소매 코드도 보조로 연결함.,OK,1,,,,
D0169,구어체,소매(오프라인·온라인),LED·조명용품 판매+설치. 스마트전구랑 전선·소켓 판매하고 설치해줌,카페·사무실들 에너지절약·인테리어용 조명 교체하고 싶은데 제품 골라 설치하기 귀찮아함.,"오프라인 소형 매장+온라인몰로 LED램프, 조명기구, 전선, 스위치 등 소매. 소형 매장서 기본 설치(간단한 배선 교체 포함) 유상으로 제공. 기업 납품·정기 점검 계약으로 안정적 매출 확보.",True,523352,전기용품 및 조명장치 소매업,524001,"조명기구·전기용품 판매가 주된 활동이므로 '전기용품 및 조명장치 소매업(523352)'을 주코드로, 설치에 쓰는 공구·전동공구도 소매하면 '공구 소매업(524001)'을 보조 코드로 사용 가능.",제품(LED·조명·전기부품) 소매와 설치대행을 주로 하므로 전기용품·조명 소매업 코드가 적절함. 공구·설치장비 판매는 보조로 매칭됨.,OK,9,,,,
D0170,구어체,생활서비스(미용·수리·세탁 등),"휴대폰·스마트워치 분해수리, 액정·배터리 교체, 침수복원","동네에 보드수리 잘하는데 없음. 액정·배터리 교체 수요 엄청 많고, 침수폰 복원 문의도 자주 옴. 기업 출장으로 현장수리 계약도 가능할 듯.","작은 매장 열고 현장 수리 + 출장수리 한다. 부품 재고해 액정·배터리·카메라 모듈 교체, 기판 납땜(보드수리), 침수 세척·건조, 데이터 백업 유료로 제공. 수리한 중고폰 재판매·매입도 같이 운영.",True,922107,통신장비 수리업,922103,무선전화기(휴대폰) 등 통신장비 수리업(922107) 주분류. 보드·정밀전자 수리 성격은 922103 보조 가능.,"주된 서비스가 휴대폰·무선통신기기 수리(액정·배터리교체, 침수복원, 보드수리)이므로 922107이 적합. 기판 납땜 등 정밀 전자수리도 병행해 922103을 보조로 명시.",OK,1,,,,
D0171,구어체,생활서비스(미용·수리·세탁 등),"동네 코인빨래방(셀프)+수거배달, 간단 의류수선(지퍼·단수선)",주택가에 세탁기 부족한 1인 가구 많음. 빨래방 근처에 배달/수거 없는 곳이라 편의성으로 장사될듯. 수선 간단히도 같이 해주면 추가수익.,"코인/셀프형 대형세탁기·건조기 설치한 오프라인 매장 운영. 앱·전화로 수거배달 예약 받고 유료 픽업/배송. 추가로 지퍼교체, 단수선 같은 의류수선 서비스(간단 수선) 별도 요금으로 제공.",True,930100,가정용 세탁업,922105,"일반 대중 대상 세탁업(930100)을 주로 하고, 의복 수선(지퍼·단수선)은 922105 보조 분류 가능.",주사업은 대중 대상 세탁물 수거·세탁·건조 서비스로 930100 해당. 세탁과 병행하는 의류 간단 수선은 의복수리업(922105)으로 보조표기 적절.,OK,1,,,,
D0172,구어체,제조·가공,주방·욕실 맞춤 인조대리석 싱크대·상판·세면대 제작,"리모델링 많아 맞춤 상판 수요 많은데, 대형업체는 MOQ 높고 납기 길어서 소규모 빠른 제작 수요 있음. 색상·엣지 옵션 원하는 고객 많음.","아크릴·폴리에스테르 수지 기반 인조대리석 원자재 배합해 판재 제작 후 CNC·연마로 싱크대 상판, 세면대, 창턱, 벽 마감판, 소형 인테리어 소품(화분받침 등) 주문제작 및 시공 연계 판매. 온라인 주문+현장 측정·시공 패키지 제공.",True,269508,인조대리석 제품 제조업,269504,인조대리석 제품(상판·세면대 등) 제조,"아크릴/폴리에스테르 수지 혼합한 인조대리석 제품을 제조해 주문·가공하므로 인조대리석 제조업 코드(269508, 유사 269504)가 적합함.",OK,2,,,,
D0173,구어체,제조·가공,맞춤 철제 가구부품·관 연결구 제작(브래킷·파이프가구),카페·소형 가구·인테리어 업체가 소량 맞춤 파이프 가구·브래킷 필요함. 대량 공장 최저수량 때문에 소규모 납품처가 못구함.,"구입한 강판·강관 절단·절곡·나사내기·용접·도장해서 파이프용 연결구류, 선반 브래킷, 파이프 가구 프레임 등 맞춤 금속 부자재 제조·납품. 디자이너·시공사에 소량 주문 생산, 일부 조립 완제품도 판매.",False,271208,강관 가공품 및 관 연결구류 제조업,289201,강관 가공 및 기타 금속 가공 제품 제조,"주로 강관 절단·절곡·나사내기 등으로 관 연결구류·가구부품을 제작하므로 강관 가공품 및 관 연결구류 제조업(271208)이 1차 적합하고, 기타 금속가공(289201)을 보조 코드로 선택함.",OK,14,,,,
D0174,구어체,농업·스마트팜,"도심 창고에서 LED로 수경 재배해서 마이크로그린(바질, 루꼴라, 마이크로비트) 레스토랑에 정기납품",레스토랑들이 신선한 잎채소 꾸준히 원함. 외곽 농산물은 배송지연·신선도 떨어짐. 도심 근거리로 빠르게 공급하면 자리잡을 수 있음.,"도심 창고에 수경·LED 시설붙여 마이크로그린 집중재배. 소분 포장해 주1~2회 정기배송으로 레스토랑, 케이터링에 납품. 일부는 B2C 구독 소포장 판매.",False,011008,"채소, 화훼 및 과실작물 시설 재배업",512212,시설 내에서 채소류를 재배하는 활동이 주업(시설채소재배: 011008). 주요 판매처가 식당 대상 정기납품은 도매성 거래(512212)로 보조 표기 가능.,주된 활동은 시설(수경·LED)에서 채소(마이크로그린) 재배라 011008이 적합. 판매 방식이 도매 납품 중심이라 512212을 보조로 선택함.,검색밖,,,,,
D0175,구어체,농업·스마트팜,텃밭에서 노지채소랑 닭 키워서 농장 매장·주말장터에 채소바구니+계란세트 파는 소규모 귀농형 팜스토어,마을 주민이랑 당근 직거래 찾음. 도시 소비자들 주말 체험·직구매도 늘고 있음. 노지 채소랑 신선계란 같이 팔면 부가가치 높아짐.,"논·밭에서 계절별 노지채소 재배. 닭 50마리 사육해 계란 생산. 농장 내 매장(픽업)과 주말 직거래장터 참여해서 채소바구니+달걀세트 판매, 체험소규모 운영.",True,014301,작물재배 및 축산 복합농업,522040,작물재배와 가금류 사육을 복합적으로 운영하므로 복합농업 코드(014301)가 주업에 적합. 현장 소매 판매는 522040로 보조 표기.,채소 재배와 축산(닭·계란)이 함께 운영되는 형태라 작물재배 및 축산 복합농업(014301)이 주업 분류에 맞음. 현장·직거래 소매 활동은 채소 소매(522040)로 연결됨.,OK,7,,,,
D0176,구어체,앱·플랫폼·소프트웨어,"동네중고 위치기반 거래 앱 — 직거래/퀵배달 연결, 안전결제 처리",동네 사람들 중고거래는 sns·카톡에 흩어져서 사기걱정 많고 직거래 시간 맞추기 빡셈. 택배비 아까워서 소형거래가 잘 안됨.,"위치기반 매칭 앱 만들고 안전결제(에스크로) 넣음. 근거리 판매자 우선 노출, 퀵배달/편의점 픽업 연동. 거래당 5% 수수료 + 프리미엄 노출·광고 수익 모델.",False,525103,전자상거래 소매 중개업,642004,전자상거래 소매 중개업(플랫폼 통해 일반소비자 대상 상품 소매 중개) → 525103 우선. 포털형 정보중계 성격도 있어 642004 보조.,앱이 개인 간 물품 판매를 중개하고 거래·결제·배달 주선까지 플랫폼으로 연결하므로 전자상거래 소매 중개업(525103)에 해당. 커뮤니티·검색·정보중계 요소가 강하면 포털·인터넷 정보 매개(642004)가 보조 분류 가능.,검색33위,33,,,,
D0177,구어체,앱·플랫폼·소프트웨어,카페용 재고·발주 자동화 SaaS 앱 — POS 연동 월구독 서비스,동네 카페들 재고관리 엉망. 원두나 컵 발주 수작업이라 품절·과잉구매 자주 발생. 소규모는 고급 ERP 못씀.,"웹/SaaS로 POS·회계 연동해서 재고 자동집계, 임계치 자동발주 알림·발주서 자동생성. 초기 세팅비 받고 월구독(2만~5만). 추가로 커스텀 통합 개발 수익 확보.",False,722000,응용 소프트웨어 개발 및 공급업,940926,응용 소프트웨어 개발·공급업(업무처리용 소프트웨어 개발/공급) → 722000 우선. 1인 개발자 형태면 소프트웨어 프리랜서(940926) 보조.,서비스 핵심이 특정 업무(재고·발주) 처리를 자동화하는 응용 소프트웨어의 개발·공급이므로 722000이 적절. 만약 개인 프리랜서 형태로 제공하면 940926로도 볼 수 있음.,검색밖,,,,,
D0178,구어체,교육·콘텐츠,"혼자 만든 실무형 코딩 온라인 부트캠프(풀스택 JS, 프로젝트 + 월구독)","기초 강의는 많은데 실전 프로젝트랑 코드리뷰가 부족함. 직장인/대학생은 시간도 없고, 반복해서 보면서 공부할 구독형 콘텐츠 원함.","자체 제작한 녹화 강의(강사 1인 진행), 실무 프로젝트 과제+코드리뷰(멘토링), 월구독 플랜으로 강의·과제·커뮤니티 제공. 기업 연수 패키지 따로 판매하고, 실습노트·전자책(PDF) 별도 판매.",False,809016,온라인 교육학원,921505,온라인 교육학원(주요 활동) + 미디어콘텐츠 제작(강의 영상 제작 및 배포),주된 활동이 통신·인터넷으로 강의 내용물을 제작·보유·제공하는 온라인 교육에 해당하므로 809016이 적절. 영상 제작·편집·콘텐츠 창작 비중이 있어 921505를 보조로 선택함.,OK,1,,,,
D0179,구어체,교육·콘텐츠,동네 기타학원 + 자체 제작 연습곡 음원·교재 판매,"주말 성인 취미러 많고, 기존 학원은 레슨만 줘서 연습용 백킹트랙·정리된 악보가 없음. 원격 복습용 음원 파일·교재 수요 높음.",오프라인 1:1·그룹 기타 레슨+주말 밴드반 운영. 자체 제작한 연습용 백킹 트랙(음원)과 PDF 악보·교재를 유료 판매/다운로드 제공. 소규모 녹음 스튜디오로 레슨 녹음 파일도 판매함.,True,809009,음악학원,221300,음악학원(교육 주업) + 음악 음원 출판(연습용·교육용 음원 제작·판매),주된 수익은 현장 음악 교습이므로 809009 음악학원으로 분류. 자체 제작·배포하는 연습용 음원·오디오 자료가 있어 음악 및 기타 오디오물 출판업(221300)을 보조로 적절하게 연결함.,OK,3,,,,
